ID	1-1	1-4	1-8	2-4	2-56	2-66	3-26	3-4	3-5	4-2	4-6	4-7	5-5	5-6	5-7	6-2	6-3	6-4	7-1	7-2	7-6	8-3	8-4	8-5
1-1_NODE_15	102.35141	0	0	0	0	0	0	0	0	0	0	0	0	0	0	0	0	0	0	0	0	0	0	0
1-1_NODE_18	100.41464	0	0	0	0	0	0	0	0	0	0	0	0	0	0	0	0	0	0	0	0	0	0	0
1-1_NODE_26	80.7585	0	0	0	0	0	0	0	0	0	0	0	0	0	0	0	0	0	0	0	0	0	0	0
1-1_NODE_29	1491.9977	12.596835	90.360825	0	11.741868	0	0	0	0	24.58083	0	0	0	796.0046	0	0	0	3.4682348	11.393159	0	0	0	0	0
1-4_NODE_1	0	29.565247	0	0	0	0	0	0	0	0	0	0	0	0	0	0	0	0	0	0	0	0	0	0
1-4_NODE_11	0	17.349644	0	0	0	0	0	0	0	0	0	0	0	0	0	0	0	0	0	0	0	0	0	0
1-4_NODE_13	0	27.619396	0	469.625	8.464381	0	0	82.38493	0	0	23.529991	0	0	0	0	0	0	32.964226	3.5478318	0	0	0	0	0
1-4_NODE_14	0	10.911371	0	0	0	0	0	0	0	0	0	0	0	0	0	0	0	0	34.986725	0	0	0	0	0
1-4_NODE_16	0	70.92186	0	0	0	0	0	0	0	0	0	0	0	0	0	0	0	0	346.92963	0	0	0	0	0
1-4_NODE_17	0	918.2498	0	0	10.798652	0	0	0	0	0	0	0	0	0	0	0	0	0	0	0	0	0	0	0
1-4_NODE_18	0	64.4105	0	0	0	0	0	0	0	0	0	0	0	0	0	0	0	0	321.6876	0	0	0	0	0
1-4_NODE_19	0	21.120783	0	0	0	0	0	0	0	0	0	0	0	0	0	0	0	0	133.75375	0	0	0	0	0
1-4_NODE_2	0	574.3215	0	0	8.636138	0	0	0	0	0	0	0	0	0	0	0	0	0	0	0	0	0	0	0
1-4_NODE_20	0	14.981433	0	0	0	0	0	0	0	0	0	0	0	0	0	0	0	0	0	0	0	0	0	0
1-4_NODE_4	848.3234	392.70288	0	0	5.1581793	0	0	0	0	0	0	0	0	0	0	0	0	0	0	0	0	0	0	0
1-4_NODE_5	0	471.76508	0	0	7.135924	0	0	0	0	0	0	0	0	0	0	0	0	0	1060.9447	0	0	0	0	0
1-4_NODE_7	0	14.684953	0	0	0	0	0	0	0	0	0	0	0	0	0	0	0	0	0	0	0	0	0	0
1-4_NODE_9	0	4.8167486	0	147.79652	22.425457	29.037092	0	0	0	0	0	0	0	0	0	0	0	12.281589	0	0	0	0	0	0
1-8_NODE_38	187.7349	10.283734	2894.496	29.639776	39.269577	0	0	0	0	0	0	0	0	0	0	45.579	0	30.290512	0	0	0	0	0	12.266466
2-4_NODE_10	0	0	0	31.448483	0	0	60.070915	0	0	0	0	0	0	0	0	0	0	0	0	0	0	0	0	0
2-4_NODE_13	0	0	0	69.821724	0	0	0	0	0	0	0	0	0	0	0	0	0	289.5842	0	0	0	0	0	0
2-4_NODE_18	0	0	0	22.715525	0	0	0	0	0	0	0	0	0	0	0	0	0	0	0	0	0	0	0	0
2-4_NODE_19	0	8.282763	0	277.82568	6.033645	0	38.51086	34.149284	0	0	0	0	0	0	0	0	0	22.314842	0	0	0	0	0	0
2-4_NODE_2	0	6.5160108	0	198.39	30.566435	39.503563	0	0	0	0	0	0	0	0	0	0	0	15.665352	0	0	0	0	0	0
2-4_NODE_23	0	0	0	86.15015	0	0	0	0	0	0	0	0	0	0	0	0	0	16.441952	0	0	0	0	0	0
2-4_NODE_24	0	0	0	36.43317	0	0	0	0	0	0	0	0	0	0	0	0	0	0	0	0	0	0	0	0
2-4_NODE_27	0	17.546873	0	624.46497	49.697815	0	24.428028	22.084572	0	0	0	0	0	0	0	0	0	67.51044	2.832498	0	0	0	0	0
2-4_NODE_28	0	0	0	50.82418	0	0	0	0	0	0	0	0	0	0	0	540.8974	0	204.68213	0	0	0	0	0	0
2-4_NODE_3	0	0	0	36.611286	0	0	0	0	0	0	0	0	0	0	0	118.91348	0	117.88898	0	0	0	0	0	0
2-4_NODE_4	0	0	0	26.37821	0	0	0	0	0	0	0	0	0	0	0	101.60336	0	101.24374	0	0	0	3.560906	0	0
2-4_NODE_5	0	0	0	27.98815	0	0	0	0	0	0	0	0	0	0	0	0	0	0	0	0	0	0	0	0
2-4_NODE_7	0	0	0	32.212124	0	0	0	0	0	0	0	0	0	0	0	0	0	2.979633	0	0	0	0	0	0
2-4_NODE_9	0	0	0	31.678959	0	0	0	0	0	0	0	0	0	0	0	0	0	2.895664	0	0	0	0	0	0
2-56_NODE_10	0	0	0	0	29.05104	0	0	0	0	0	0	0	0	0	0	0	0	0	0	0	0	0	0	0
2-56_NODE_11	0	0	0	0	70.821945	0	0	0	0	0	0	0	0	0	0	0	0	0	0	0	0	0	0	0
2-56_NODE_12	0	0	0	20.237486	636.72955	0	12.698477	38.31013	15.41664	0	0	0	0	0	0	0	0	0	0	0	0	0	0	0
2-56_NODE_13	0	0	0	0	45.959843	0	0	0	0	0	0	0	0	0	0	0	0	0	0	0	0	0	0	0
2-56_NODE_14	0	0	0	6.747809	186.77077	282.37613	0	0	0	0	0	0	0	0	0	0	0	0	0	0	0	0	0	0
2-56_NODE_16	0	0	0	0	24.888052	0	0	0	0	0	0	0	0	0	0	0	0	0	0	0	0	0	0	0
2-56_NODE_17	0	0	0	0	840.149	0	0	0	0	0	0	0	0	0	0	0	0	0	0	0	0	0	0	0
2-56_NODE_18	76.93414	11.870762	326.55695	6.2497063	40.063793	1084.037	17.977211	36.819035	77.768555	74.62043	161.64478	12.360761	0	0	0	0	0	0	5.180034	0	2.6514442	5.1516404	6.2534513	26.4843
2-56_NODE_19	0	0	0	0	1116.7281	0	0	0	0	0	0	0	0	0	0	0	0	0	0	0	0	0	0	0
2-56_NODE_2	0	0	0	0	40.63911	0	0	0	0	0	0	0	0	0	0	0	0	0	0	0	0	0	0	0
2-56_NODE_20	0	0	0	0	90.85377	0	0	0	0	0	0	0	0	0	0	0	0	0	0	0	0	0	0	0
2-56_NODE_22	0	0	0	0	365.74304	0	0	0	0	0	0	0	0	0	0	0	0	0	0	0	0	0	0	0
2-56_NODE_3	0	0	0	0	58.50143	0	0	0	0	0	0	0	0	0	0	0	0	0	0	0	0	0	0	0
2-56_NODE_4	0	0	0	0	57.424503	0	15.554412	27.828592	44.754124	0	0	0	0	0	0	0	0	0	0	0	0	0	0	0
2-56_NODE_6	0	0	0	11.604155	56.555412	0	0	0	0	0	0	0	0	0	0	0	0	0	0	0	0	0	0	0
2-56_NODE_8	0	0	0	0	67.335655	0	0	0	0	0	0	0	0	0	0	0	0	0	0	0	0	0	0	0
2-56_NODE_9	0	0	0	0	188.85184	0	0	0	0	0	0	0	0	0	0	0	0	0	0	0	0	0	0	0
2-66_NODE_13_1	0	0	0	0	10.507514	331.5942	0	31.635235	0	0	0	0	0	0	0	0	0	0	0	0	0	0	0	0
2-66_NODE_3	0	0	0	0	0	725.7473	0	28.21284	32.89735	0	0	0	0	0	0	0	0	0	0	0	0	0	0	0
2-66_NODE_9	0	0	0	14.075874	0	240.24883	0	0	0	0	0	0	0	0	0	0	0	0	0	0	0	0	0	0
3-26_NODE_16	0	0	0	0	0	0	15.847976	0	0	0	0	0	0	0	0	0	0	0	0	0	0	0	0	0
3-26_NODE_17	0	0	0	0	0	0	17.311892	0	0	0	0	0	0	0	0	0	0	0	0	0	0	0	0	0
3-26_NODE_19	0	0	0	0	0	0	24.829494	0	0	0	0	0	0	0	0	0	0	0	0	0	0	0	0	0
3-26_NODE_2	0	0	0	0	0	0	63.8816	0	0	0	0	0	0	0	0	0	0	0	0	0	0	0	0	0
3-26_NODE_3	0	0	0	0	0	0	86.66536	0	0	0	0	0	0	0	0	0	0	0	0	0	0	0	0	0
3-26_NODE_4	0	0	0	0	0	0	22.492624	0	0	0	0	0	0	0	0	0	0	0	0	0	0	0	0	0
3-26_NODE_5	0	0	0	0	0	0	50.355053	0	0	0	0	0	0	0	0	0	0	0	0	0	0	0	0	0
3-26_NODE_6_1	0	0	0	0	0	0	1436.3212	0	0	0	0	0	0	0	0	0	0	0	0	0	0	0	0	0
3-26_NODE_7	0	0	0	0	0	0	23.97613	0	0	0	0	0	0	0	0	0	0	0	0	0	0	0	0	0
3-26_NODE_8	0	0	0	0	0	0	94.201	0	0	0	0	0	0	0	0	0	0	0	0	0	0	0	0	0
3-26_NODE_9	0	0	0	0	0	0	39.560547	0	0	0	0	0	0	0	0	0	0	0	0	0	0	0	0	0
3-4_NODE_1	0	0	0	0	0	0	0	492.0024	36.151833	0	0	0	0	0	0	0	0	0	0	0	0	0	0	0
3-4_NODE_3	0	0	0	0	0	0	0	139.97787	232.59827	0	0	0	0	0	0	0	0	0	0	0	0	0	0	0
3-4_NODE_5	0	27.169485	0	470.90454	8.0267935	0	0	82.68497	0	0	25.255678	0	0	0	0	0	0	33.826263	3.4559515	0	0	0	0	0
3-4_NODE_6	0	0	0	0	0	0	1247.5875	1511.5984	97.494194	0	0	0	0	0	0	0	0	0	0	0	0	0	0	0
3-4_NODE_7	0	0	0	0	0	0	0	175.31824	29.05454	0	0	0	0	0	0	0	0	0	0	0	0	0	0	0
3-4_NODE_8	0	0	0	0	0	0	0	104.77348	0	0	0	0	0	0	0	0	0	0	0	0	0	0	0	0
3-5_NODE_1	0	0	0	0	0	0	0	0	145.99529	0	0	0	0	0	0	0	0	0	0	0	0	0	0	0
3-5_NODE_13	0	0	0	0	0	0	0	0	60.14876	0	0	0	0	0	0	0	0	0	0	0	0	0	0	0
3-5_NODE_16	0	0	0	0	0	0	0	0	90.4872	0	0	0	0	0	0	0	0	0	0	0	0	0	0	0
3-5_NODE_18	0	0	0	0	0	0	0	23.718792	111.52413	0	0	0	0	0	0	0	0	0	0	0	0	0	0	0
3-5_NODE_2	0	0	0	0	0	0	0	59.279114	73.959885	0	0	0	0	0	0	0	0	0	0	0	0	0	0	0
3-5_NODE_4	0	0	0	0	0	0	0	268.68546	64.4988	0	0	0	0	0	0	0	0	0	0	0	0	0	0	0
3-5_NODE_5	0	0	0	0	0	0	0	0	741.02625	0	0	0	0	0	0	0	0	0	0	0	0	0	2.9475253	0
3-5_NODE_8	0	0	0	12.607501	0	0	10.864897	0	148.40698	0	0	0	0	0	0	0	0	0	0	0	0	0	0	0
3-5_NODE_9	0	0	0	0	0	0	0	57.47547	731.7627	0	0	0	0	0	0	0	0	0	0	0	0	0	2.5076811	0
4-2_NODE_1	0	0	0	0	0	0	0	0	0	128.02107	0	0	0	0	4.6375103	0	3.4871163	0	0	0	0	0	0	0
4-2_NODE_12	0	0	0	0	0	0	0	0	0	80.83102	0	0	0	0	0	0	0	0	0	0	0	0	0	0
4-2_NODE_17	0	0	0	0	0	0	0	0	0	74.69743	0	0	0	0	0	0	0	0	0	0	0	0	0	0
4-2_NODE_18	0	0	0	0	0	0	0	0	0	207.11763	0	0	0	17.662098	0	0	0	0	0	0	0	0	0	0
4-2_NODE_22	0	0	0	0	0	0	0	0	0	75.601776	0	0	0	0	0	0	0	0	0	0	0	0	0	0
4-2_NODE_24	0	0	0	0	0	0	0	0	0	117.91715	0	0	0	0	0	0	0	0	0	0	0	0	0	0
4-2_NODE_27	0	0	0	0	0	0	0	0	0	164.2158	0	0	0	0	3.7764316	0	0	0	0	0	0	0	0	0
4-2_NODE_28	0	0	0	0	0	0	0	0	0	365.43814	0	0	0	0	0	0	0	0	0	0	0	0	0	0
4-2_NODE_3	0	0	0	0	0	0	0	0	0	108.90204	0	0	0	0	0	0	0	0	0	0	0	0	0	0
4-2_NODE_31	0	0	0	0	0	0	0	0	0	685.58624	0	0	0	0	0	0	0	0	0	0	0	0	0	0
4-2_NODE_5	0	0	0	0	0	0	0	0	0	544.7818	0	0	0	0	0	0	0	0	0	0	0	6.8694367	0	0
4-2_NODE_8	0	0	0	0	0	0	0	0	0	459.9661	0	1.8667263	0	35.54143	0	0	0	0	0	0	0	0	0	0
4-6_NODE_11	0	5.7113657	0	0	0	0	0	0	0	0	114.477295	24.115425	0	0	0	0	0	0	15.4158	0	0	0	0	0
4-6_NODE_13	0	0	0	0	0	0	0	0	0	0	108.72355	0	0	0	0	0	0	0	0	0	0	0	0	0
4-6_NODE_14	0	0	0	0	0	0	0	0	0	0	92.34158	0	0	0	0	0	0	0	0	0	0	0	0	0
4-6_NODE_15_1	0	0	0	0	0	0	0	0	0	0	123.38884	0	0	0	0	0	0	0	0	0	0	0	0	0
4-6_NODE_17	0	0	0	0	0	0	0	0	0	0	437.8079	2.7483737	0	0	0	0	0	0	0	0	0	0	0	0
4-6_NODE_18	0	0	0	0	0	0	0	0	0	0	123.029175	0	0	0	0	0	0	0	0	0	0	0	0	0
4-6_NODE_19	0	0	0	0	0	0	0	0	0	0	206.40982	0	0	0	0	0	0	0	0	0	0	0	0	0
4-6_NODE_2	0	0	0	0	0	0	0	0	0	0	371.60904	2.267387	0	0	0	0	0	0	0	0	0	0	0	0
4-6_NODE_20	0	0	0	0	0	0	0	0	0	0	109.09217	0	0	0	0	0	0	0	0	0	0	0	0	0
4-6_NODE_3	0	0	0	0	0	0	0	0	0	0	219.47282	0	0	0	0	0	0	0	0	0	0	0	0	0
4-6_NODE_5	0	0	0	0	0	0	0	0	0	0	277.15396	0	0	0	0	0	0	0	0	0	0	0	0	0
4-6_NODE_7	0	0	0	0	0	0	0	0	0	79.42406	1129.3966	77.17294	0	0	0	0	0	0	0	0	0	0	0	0
4-7_NODE_10	0	0	0	0	0	0	0	0	0	0	0	18.250769	0	0	0	0	0	0	0	0	0	0	0	0
4-7_NODE_11	0	0	0	0	0	0	0	0	0	0	0	22.650227	0	0	0	0	0	0	0	0	0	0	0	0
4-7_NODE_13	0	0	0	0	0	0	0	0	0	0	0	9.924712	0	0	0	0	0	0	0	0	0	0	0	0
4-7_NODE_14	0	0	0	0	0	0	0	0	0	0	0	18.256788	0	0	0	0	0	0	0	0	0	0	0	0
4-7_NODE_15	0	0	0	0	0	0	0	0	0	0	0	75.36821	0	0	0	9.809132	0	11.177043	0	2.2213256	22.220808	0	7.4658527	0
4-7_NODE_18	0	0	0	0	0	0	0	0	0	0	0	57.63123	0	0	0	0	0	0	0	0	0	0	0	0
4-7_NODE_19	0	0	0	0	0	0	0	0	0	0	0	178.65111	0	0	0	0	0	0	0	0	0	0	0	0
4-7_NODE_2	0	0	0	0	0	0	0	0	0	0	0	11.178135	0	0	0	0	0	0	0	0	2.8572624	0	0	0
4-7_NODE_21	0	0	0	0	0	0	0	0	0	0	0	15.2278185	0	0	0	0	0	0	0	0	0	0	0	0
4-7_NODE_28	0	0	0	0	0	0	0	0	0	0	0	7.2120824	0	0	0	0	0	0	0	0	0	0	0	0
4-7_NODE_3	0	0	0	0	0	79.98639	0	0	0	0	0	61.70396	0	0	0	0	0	0	0	0	0	0	0	0
4-7_NODE_30	0	0	0	0	0	0	0	0	0	0	0	32.48267	0	0	0	0	0	0	0	0	0	0	0	0
4-7_NODE_37	0	0	0	0	0	0	0	0	0	0	0	222.15218	0	0	0	0	0	0	0	0	0	0	0	0
4-7_NODE_39	0	0	0	0	0	0	0	0	0	0	0	12.070872	0	0	0	0	0	0	0	0	0	0	0	0
4-7_NODE_4	0	0	0	0	0	0	0	0	0	0	0	987.2584	0	0	0	0	0	0	0	0	0	0	0	0
4-7_NODE_40	0	0	0	0	0	0	0	0	0	0	0	66.86287	10.779017	0	0	0	0	0	0	0	0	0	0	0
4-7_NODE_41	0	0	0	0	0	0	0	0	0	0	0	19.091875	0	0	0	0	0	0	0	0	0	0	0	0
4-7_NODE_44	0	0	0	0	0	0	0	0	0	0	0	47.239113	0	0	0	0	0	0	4.0058794	0	0	0	0	0
4-7_NODE_6	0	0	0	0	0	0	0	0	0	43.01109	0	78.517876	0	0	0	0	0	0	0	3.3091443	0	0	0	25.212929
4-7_NODE_7	0	0	0	0	0	0	0	0	0	0	0	203.52446	0	0	0	0	0	0	0	0	0	0	0	0
5-5_NODE_10	0	0	0	0	0	0	0	0	0	36.879063	0	0	88.42295	0	0	0	0	0	0	0	0	0	0	0
5-5_NODE_11	0	0	0	0	0	0	0	0	0	0	0	0	26.456003	0	0	0	0	0	0	0	0	0	0	0
5-5_NODE_12	0	0	0	0	0	0	0	0	0	0	0	0	40.446648	0	0	0	0	0	0	0	0	0	0	0
5-5_NODE_16	0	0	0	0	0	0	0	0	0	0	0	0	40.115414	0	0	0	0	0	0	0	0	0	0	0
5-5_NODE_19	0	0	0	0	0	0	0	0	0	0	0	0	36.546185	0	0	0	0	0	0	0	0	0	0	0
5-5_NODE_21	0	0	0	0	0	0	0	0	0	0	0	0	45.006523	0	0	0	0	0	0	0	0	0	0	0
5-5_NODE_5	0	0	0	0	0	0	0	0	0	0	0	0	96.70478	0	77.19345	0	0	0	0	0	0	0	0	0
5-5_NODE_6	0	4.0185094	199.23964	0	0	0	0	0	0	0	0	0	1977.8577	0	2144.883	0	0	0	8.041414	9.182435	7.232756	47.324123	0	0
5-5_NODE_7	0	0	0	0	0	0	0	0	0	0	0	0	47.764572	0	0	0	0	0	0	0	0	0	0	0
5-5_NODE_8_1	0	0	0	0	0	0	0	0	0	0	0	0	52.43589	0	103.24186	0	0	0	0	0	0	0	0	0
5-5_NODE_9	0	0	0	0	0	0	0	0	0	0	0	0	236.24123	0	282.00858	0	0	0	0	0	0	0	0	0
5-6_NODE_14	0	0	0	0	0	0	0	0	0	0	0	0	0	116.37084	0	0	0	0	0	0	0	0	0	0
5-6_NODE_19	0	0	0	0	0	0	0	0	0	0	0	0	0	142.73161	0	0	0	0	0	0	0	0	0	0
5-6_NODE_20	0	0	0	0	0	0	0	0	0	0	0	0	0	148.10988	0	0	0	0	0	0	0	0	0	0
5-6_NODE_21	0	0	0	0	0	0	0	0	0	0	0	0	0	444.28906	0	0	0	0	0	0	0	0	0	0
5-6_NODE_3	0	0	0	0	0	0	0	0	0	0	0	0	8.020614	243.70634	0	0	15.0762825	0	0	8.180883	163.93364	21.960915	64.285645	0
5-6_NODE_6	0	0	0	0	0	0	0	0	0	25.66069	0	7.3275614	7.9052444	75.9395	4.417227	8.882417	12.515933	12.91283	0	8.601438	4.174183	0	0	0
5-6_NODE_7	0	0	0	0	0	0	0	0	0	0	0	0	0	68.39496	0	0	0	0	0	0	2.9037013	0	0	0
5-7_NODE_15	0	0	0	0	0	0	0	0	0	0	0	0	11.954997	0	16.464367	0	0	0	0	0	0	0	0	0
5-7_NODE_28	0	0	0	0	0	0	0	0	0	0	0	0	26.855013	180.12029	19.617872	0	0	0	0	10.088773	0	0	0	0
5-7_NODE_47	0	0	0	0	0	0	0	0	0	0	0	0	0	0	14.085753	0	0	0	0	0	0	0	0	0
5-7_NODE_60	0	0	0	0	0	0	0	0	0	0	0	0	0	0	10.168823	0	0	0	0	0	0	0	0	0
5-7_NODE_64	0	0	0	0	0	0	0	0	0	0	0	0	0	0	11.13838	0	0	0	0	0	0	0	0	0
5-7_NODE_65	0	0	0	0	0	0	0	0	0	24.825142	0	0	0	0	7.726343	0	0	0	0	0	3.5478032	16.319008	46.444683	36.97241
6-2_NODE_100	0	0	0	0	0	0	0	0	0	0	0	0	0	0	0	23.462507	0	10.344913	0	0	0	0	0	0
6-2_NODE_103	0	0	0	0	0	0	0	0	0	0	0	0	0	7.141696	0	18.495535	0	11.239573	0	0	0	0	0	0
6-2_NODE_114	0	0	0	0	0	0	0	0	0	0	0	0	0	0	0	16.53182	677.658	17.945076	0	0	0	0	0	0
6-2_NODE_117	0	0	0	0	0	0	0	0	0	0	0	0	0	0	0	34.569103	0	11.817314	0	0	0	0	0	0
6-2_NODE_122	0	0	0	8.687527	0	0	0	0	0	0	0	0	0	0	0	67.11537	125.02526	30.08613	0	0	0	0	0	0
6-2_NODE_131	0	0	0	144.01724	0	0	0	0	0	0	0	0	0	7.3980994	0	468.0218	46.32492	577.1827	3.6966546	0	39.376987	0	0	0
6-2_NODE_132	0	8.033353	0	0	0	0	0	0	0	0	0	0	0	0	0	17.817638	5.262744	9.508213	59.62233	0	14.722903	0	0	0
6-2_NODE_133	0	0	0	0	0	0	0	0	0	0	0	0	0	0	0	28.595219	0	0	0	0	0	0	0	0
6-2_NODE_23	0	0	0	21.528814	0	0	0	0	0	0	0	0	0	0	0	167.01024	12.879882	92.585815	0	0	0	0	0	0
6-2_NODE_25	0	0	0	6.2607036	0	0	0	0	0	0	0	0	0	0	0	22.902452	65.31817	18.625937	0	0	0	0	0	0
6-2_NODE_28	0	0	0	8.995307	0	0	0	0	0	0	0	0	0	0	0	40.69606	1.6691761	25.694906	0	0	0	0	0	0
6-2_NODE_32	0	0	0	0	0	0	0	0	0	0	0	0	0	0	0	147.46661	0	0	0	0	0	0	0	0
6-2_NODE_34	0	0	0	0	0	0	0	0	0	0	0	0	0	0	0	16.652092	0	9.213721	0	0	0	0	0	0
6-2_NODE_37	0	0	0	0	0	0	0	0	0	0	0	0	0	0	0	14.692421	6.8551106	12.05635	0	0	0	0	0	0
6-2_NODE_39	0	0	0	0	0	0	0	0	0	0	0	0	0	0	0	22.908194	0	10.236132	0	0	0	0	0	0
6-2_NODE_41	0	0	0	19.485737	0	0	0	0	0	0	0	0	0	0	0	111.73863	32.527927	57.159042	0	0	0	0	0	0
6-2_NODE_43	0	0	0	0	0	0	0	0	0	0	0	0	0	0	0	39.517853	137.75468	22.56385	0	0	0	0	0	0
6-2_NODE_45	0	0	0	26.73606	0	0	0	0	0	0	0	0	0	0	0	44.29748	4.995962	79.10468	0	0	0	0	0	0
6-2_NODE_58	0	0	0	5.894814	0	0	0	0	0	0	0	0	0	15.01023	0	49.08352	25.683996	18.348684	0	0	0	14.035409	6.809197	0
6-2_NODE_73	0	0	0	0	0	0	0	0	0	0	0	0	0	0	0	15.501244	1.3316692	9.736663	0	0	0	0	0	0
6-2_NODE_79	0	0	0	0	0	0	0	0	0	0	0	0	0	0	0	32.18608	0	8.518595	0	0	0	0	0	0
6-2_NODE_8	0	0	0	6.1050076	0	0	0	0	0	0	0	0	0	0	0	24.27263	0	22.514917	0	9.838501	109.09536	8.335708	6.296718	0
6-2_NODE_80	0	0	0	0	0	0	0	0	0	0	0	0	0	0	0	7.6758037	52.222393	3.5500343	0	9.271865	3.1369739	0	0	0
6-2_NODE_83	0	0	0	6.468308	0	0	0	0	0	0	0	0	0	0	0	47.520348	1.8953835	22.555828	0	0	0	0	0	0
6-2_NODE_9	0	0	0	9.60569	0	0	0	0	0	0	0	0	0	0	0	29.405563	0	32.98525	0	0	5.2054114	8.040053	0	0
6-2_NODE_96	0	0	0	0	0	0	0	0	0	0	0	0	0	0	0	26.195848	2.5578358	12.956589	0	0	0	0	0	0
6-3_NODE_10	0	0	0	0	0	0	0	0	0	0	0	0	0	0	0	0	10.461161	0	0	0	0	0	0	28.73476
6-3_NODE_104	0	0	0	0	0	0	0	0	0	0	0	0	0	0	0	8.651224	6.110907	4.457726	0	0	0	0	0	0
6-3_NODE_106_1	0	0	0	12.120608	0	0	0	0	0	0	0	0	0	0	0	13.191048	18.80726	64.41454	0	202.93127	26.613998	0	3.3615878	0
6-3_NODE_107	0	0	0	0	0	0	0	0	0	0	0	0	0	0	0	0	6.2388544	0	0	0	0	0	0	0
6-3_NODE_108	221.8817	20.494833	661.7836	8.942706	23.303669	0	0	0	0	0	0	0	10.936511	0	0	22.09742	9.91414	12.083872	0	22.531105	12.301617	3.569949	0	15.792923
6-3_NODE_110	0	0	0	0	0	0	0	0	0	0	0	0	0	0	0	0	12.34209	2.636505	0	0	0	0	0	0
6-3_NODE_115	0	0	0	0	0	0	0	0	0	0	0	0	0	0	0	0	8.083602	4.0512595	0	0	0	0	0	0
6-3_NODE_12	0	0	0	0	0	0	0	0	0	0	0	0	0	0	0	0	394.0669	0	2.906022	0	0	0	4.3625064	0
6-3_NODE_121	0	0	0	0	0	0	0	0	0	0	0	0	0	0	0	0	5.414949	9.33746	0	0	0	0	4.5511	0
6-3_NODE_124	0	0	0	0	0	0	0	0	0	0	0	0	0	0	0	10.453335	12.051439	23.036522	0	0	0	5.6455874	0	0
6-3_NODE_16	0	0	0	0	0	0	0	0	0	0	0	0	0	68.26919	0	0	41.346092	0	0	28.827835	2.820373	0	9.207935	0
6-3_NODE_17	0	0	0	0	0	0	0	0	0	0	0	0	0	0	0	12.504538	28.342197	9.085412	0	0	0	0	0	0
6-3_NODE_18	0	0	0	0	0	0	0	0	0	0	0	0	0	0	0	5.9295106	21.528505	6.6470237	0	0	6.7992215	0	0	0
6-3_NODE_21	0	0	0	0	0	0	0	0	0	0	0	0	0	0	0	0	25.2065	0	0	0	0	0	0	0
6-3_NODE_23	0	0	0	0	0	0	0	0	0	0	0	0	0	0	0	0	25.63271	0	0	0	0	0	0	0
6-3_NODE_24	0	0	0	0	0	0	0	0	0	0	0	0	0	0	0	6.358647	31.729065	7.9448905	0	0	0	0	0	0
6-3_NODE_27	0	0	0	0	0	0	0	0	0	0	0	0	0	0	0	6.2303367	4.8614025	4.4528604	0	14.704504	20.2645	4.658461	0	0
6-3_NODE_28	0	0	0	0	0	0	0	0	0	0	0	0	0	0	0	0	86.76212	0	0	0	0	0	0	0
6-3_NODE_29	0	0	0	0	0	0	0	0	0	0	0	0	0	0	0	0	13.113573	0	0	0	0	0	0	0
6-3_NODE_30	0	0	0	0	0	0	0	0	0	0	0	0	0	0	0	0	10.840904	0	0	0	0	0	0	0
6-3_NODE_31	0	0	0	0	0	0	0	0	0	0	0	0	0	0	0	9.590852	40.919773	8.539964	0	0	0	0	0	0
6-3_NODE_32	0	0	0	16.327417	0	0	0	0	0	0	0	0	0	0	0	47.638615	5.675965	64.59255	0	0	0	0	0	0
6-3_NODE_33	0	0	0	0	0	0	0	0	0	0	0	0	0	0	0	0	15.037441	0	0	0	0	0	0	0
6-3_NODE_34	0	10.955579	0	0	0	0	0	0	0	0	0	0	0	0	0	0	9.399981	0	16.114632	0	0	0	0	0
6-3_NODE_35_1	0	0	0	0	0	0	0	0	0	0	0	0	0	0	0	0	5.739883	0	0	0	0	0	0	0
6-3_NODE_36	0	0	0	0	0	0	0	0	0	0	0	0	0	0	0	0	8.187116	0	0	0	0	0	0	0
6-3_NODE_37_1	0	0	0	0	0	0	0	0	0	0	0	0	0	0	0	0	6.374594	7.8544016	0	0	0	0	0	0
6-3_NODE_40	0	0	0	0	0	0	0	0	0	0	0	0	0	0	0	0	184.31169	3.2392726	0	0	0	0	0	0
6-3_NODE_41	0	0	0	0	0	0	0	0	0	0	0	0	0	0	0	5.9477305	4.8114815	7.160154	0	0	0	0	0	0
6-3_NODE_43	0	0	0	0	0	0	0	0	0	0	0	0	0	0	0	0	5.8133483	0	0	0	0	0	0	0
6-3_NODE_44	0	0	0	0	0	0	0	0	0	0	0	0	0	0	0	4.1340814	3.735867	3.0860846	0	0	0	0	0	0
6-3_NODE_45	0	0	0	0	0	0	0	0	0	0	0	0	0	0	0	0	9.245138	0	0	0	2.5939949	5.700206	0	0
6-3_NODE_48	0	0	0	0	0	0	0	0	0	0	0	0	0	0	0	0	7.4348373	0	0	0	0	0	0	0
6-3_NODE_49	0	0	0	0	0	0	0	0	0	0	0	0	0	0	0	0	7.579918	0	0	0	0	0	0	0
6-3_NODE_5	0	0	0	0	0	0	0	0	0	0	0	0	0	0	0	7.2906494	4.674236	9.456205	0	0	0	0	0	0
6-3_NODE_50	0	0	0	0	0	0	0	0	0	0	0	0	0	0	0	6.19413	5.5629983	6.105165	0	0	0	0	0	0
6-3_NODE_54	0	0	0	0	0	0	0	0	0	0	0	0	0	0	0	0	5.8399634	0	0	0	0	0	0	0
6-3_NODE_55	0	0	0	0	0	0	0	0	0	0	0	0	0	0	0	0	13.425527	0	0	0	0	0	0	0
6-3_NODE_56	0	0	0	0	0	0	0	0	0	0	0	0	0	0	0	8.213748	56.751984	3.8993053	0	9.535791	3.4643898	0	0	0
6-3_NODE_6	0	0	0	0	0	0	0	0	0	0	0	0	0	0	0	0	6.281633	0	0	0	0	0	2.6357243	0
6-3_NODE_64	0	0	0	0	0	0	0	0	0	0	0	0	0	0	0	9.289386	46.61367	5.1406655	0	0	0	0	0	0
6-3_NODE_65	0	0	0	0	0	0	0	0	0	0	0	0	0	0	0	4.6725736	17.193089	6.71794	0	0	0	0	0	0
6-3_NODE_7	0	0	0	0	0	0	0	0	0	0	0	0	0	0	0	0	9.273366	0	0	0	0	0	0	0
6-3_NODE_70	0	0	0	0	0	0	0	0	0	0	0	0	0	0	0	0	112.84386	0	0	0	0	0	0	0
6-3_NODE_73	0	0	0	0	0	0	0	0	0	0	0	0	0	14.295303	0	13.305478	7.2512236	9.765562	0	0	4.374378	0	0	0
6-3_NODE_74	0	0	0	0	0	0	0	0	0	0	0	0	0	0	0	6.1791625	9.564085	6.053957	0	0	0	0	0	0
6-3_NODE_78	0	0	0	0	0	0	0	0	0	0	0	0	0	0	0	0	6.719738	0	0	0	0	0	0	0
6-3_NODE_8	0	0	0	0	0	0	0	0	0	0	0	0	0	0	0	12.838816	16.267431	16.78811	0	0	0	0	0	0
6-3_NODE_82	0	0	0	0	0	0	0	0	0	0	0	0	0	0	0	0	73.47326	0	0	0	0	0	0	0
6-3_NODE_85	0	0	0	0	0	0	0	0	0	0	0	0	0	0	0	5.010813	4.9071474	5.240653	0	0	0	0	0	0
6-3_NODE_86	0	0	0	0	0	0	0	0	0	0	0	0	0	0	0	0	5.2459474	0	0	0	0	0	0	0
6-3_NODE_88	0	0	0	0	0	0	0	0	0	0	0	0	0	0	0	0	5.8553147	0	0	0	0	0	0	0
6-3_NODE_89	0	0	0	0	0	0	0	0	0	0	0	0	0	0	0	0	7.0620036	0	0	0	0	0	0	36.972584
6-3_NODE_92	0	31.879375	0	0	0	0	0	0	0	0	0	0	0	0	0	0	15.504414	0	239.46774	0	0	0	0	0
6-3_NODE_97	0	0	0	0	0	0	0	0	0	0	0	0	0	0	0	4.4231796	7.587751	4.6546054	0	0	0	0	0	0
6-3_NODE_98	0	0	0	0	0	0	0	0	0	0	0	0	0	0	0	0	9.1232	0	0	0	0	0	0	0
6-3_NODE_99	0	0	0	0	0	0	0	0	0	0	0	0	0	0	0	0	13.132887	0	0	0	0	0	0	0
6-4_NODE_11	0	0	0	9.440849	0	0	0	0	0	0	0	0	0	0	0	32.95416	2.2639997	32.64407	0	0	0	0	0	0
6-4_NODE_13	0	0	0	7.5727353	0	0	0	0	0	0	0	0	0	0	0	23.175661	0	27.006578	0	0	4.458676	6.601415	0	0
6-4_NODE_15	0	0	0	46.337032	0	0	0	0	0	0	0	0	0	6.9655037	0	167.70227	31.728598	142.54657	0	0	3.408242	3.7484171	0	0
6-4_NODE_16	0	0	0	0	0	0	0	0	0	0	0	0	0	0	0	9.03244	7.0029507	10.078159	0	0	0	0	0	0
6-4_NODE_17	0	0	0	6.2489862	0	0	0	0	0	0	0	0	0	0	0	9.086858	0	23.861038	0	0	9.463813	0	0	0
6-4_NODE_25	0	0	0	0	0	0	0	0	0	0	0	0	0	0	0	0	9.534055	17.249435	0	0	0	0	0	0
6-4_NODE_27	0	0	0	5.4604545	0	0	0	0	0	0	0	0	0	0	0	18.415958	0	16.98666	0	0	0	0	0	0
6-4_NODE_29	0	0	0	6.3283076	0	0	0	0	0	0	0	0	0	0	0	40.462654	3.6196275	24.052626	3.9341552	0	5.232473	0	0	0
6-4_NODE_3	0	0	0	0	0	0	0	0	0	0	0	0	0	0	0	7.3120337	4.6073513	9.717182	0	0	0	0	0	0
6-4_NODE_30	0	0	0	8.011525	0	0	0	0	0	0	0	0	0	0	0	10.0944	0	32.568153	0	0	0	0	0	0
6-4_NODE_33	0	0	0	0	0	0	0	0	0	0	0	0	0	0	0	8.382475	0	13.27654	0	0	0	0	0	0
6-4_NODE_37	0	0	0	6.807446	0	0	0	0	0	0	0	0	0	0	0	0	0	25.695969	0	0	0	0	0	0
6-4_NODE_4	0	6.314785	0	191.09515	29.420897	38.793663	0	0	0	0	0	0	0	0	0	0	0	15.201302	0	0	0	0	0	0
6-4_NODE_40	0	0	0	28.078978	0	0	0	0	0	0	0	0	0	0	0	120.93239	0	119.66622	0	0	0	0	0	0
6-4_NODE_44	0	0	0	26.140785	0	0	0	0	0	0	0	0	0	0	0	170.75061	4.44639	97.402565	0	0	0	0	0	0
6-4_NODE_48	0	0	0	5.695017	0	0	0	0	0	0	0	0	0	0	0	23.51715	0	22.213303	0	0	0	0	0	0
6-4_NODE_5	0	0	0	5.3762484	0	0	0	0	0	0	0	0	0	0	0	12.319409	0	18.44661	0	0	0	0	0	0
6-4_NODE_54	0	0	0	8.261467	0	0	0	0	0	0	0	0	0	0	0	0	28.29362	27.095823	0	0	0	0	0	0
6-4_NODE_58	0	0	0	0	0	0	0	0	0	0	0	0	0	0	0	0	0	13.334281	0	0	3.6708803	0	0	0
6-4_NODE_6	0	0	0	9.109025	0	0	0	0	0	0	0	0	0	0	0	17.675169	7.816603	27.007381	0	0	0	0	8.833248	0
7-1_NODE_1	0	10.928824	0	0	0	0	0	0	0	0	0	0	0	0	0	0	0	0	37.58418	0	0	0	0	0
7-1_NODE_10	0	7.876551	0	0	0	0	0	0	0	0	0	0	0	0	0	0	0	0	37.623676	0	0	0	0	0
7-1_NODE_11	0	4.8763857	0	0	0	0	0	0	0	0	0	0	0	0	0	0	0	0	26.520956	0	0	0	0	0
7-1_NODE_12	0	4.8000636	0	0	0	0	0	0	0	0	0	0	0	0	0	0	0	0	17.719263	0	0	0	0	0
7-1_NODE_13	0	7.1969576	0	0	0	0	0	0	0	0	0	0	0	0	0	0	0	0	33.606483	0	0	0	0	0
7-1_NODE_14	0	9.345407	0	0	0	0	0	0	0	0	0	0	0	0	0	0	0	0	53.41268	0	3.2510962	0	0	0
7-1_NODE_15	0	13.449244	0	0	0	0	0	0	0	0	0	0	0	0	0	0	0	0	40.8287	0	0	0	0	0
7-1_NODE_16	0	8.938562	0	0	0	0	0	0	0	0	0	0	0	0	0	0	0	0	29.188189	0	0	0	0	0
7-1_NODE_18	0	6.369012	0	0	0	0	0	0	0	0	0	0	0	0	0	6.5686154	0	3.304673	17.91631	0	0	0	0	0
7-1_NODE_21	0	0	0	0	0	0	0	0	0	0	0	0	0	0	0	0	0	0	18.221762	0	0	0	0	0
7-1_NODE_23	0	8.960916	0	0	0	0	0	0	0	0	0	0	0	0	0	0	0	0	27.28935	0	0	0	0	0
7-1_NODE_24	0	0	0	0	0	0	0	0	0	0	0	0	0	0	0	0	0	0	31.776295	0	0	0	0	0
7-1_NODE_25	0	64.6241	0	0	0	0	0	0	0	0	0	0	0	0	0	0	0	0	323.82895	0	0	0	0	0
7-1_NODE_26	0	9.353521	0	0	0	0	0	0	0	0	0	0	0	0	0	0	0	0	32.68916	0	0	0	0	0
7-1_NODE_28	0	3.5752623	0	0	0	0	0	0	0	0	0	0	0	0	0	0	0	0	27.522018	0	0	0	0	0
7-1_NODE_29	0	10.294621	0	0	0	0	0	0	0	0	0	0	0	0	0	0	0	0	93.1646	0	0	0	0	0
7-1_NODE_3	0	10.532956	0	0	0	0	0	0	0	0	0	0	0	0	0	0	0	0	29.375175	0	0	0	0	0
7-1_NODE_30	0	3.136421	0	0	0	0	0	0	0	0	0	0	0	0	0	0	0	0	25.24896	0	0	0	0	0
7-1_NODE_31	0	0	0	0	0	0	0	0	0	0	0	0	0	0	0	0	0	0	17.646826	0	0	0	0	0
7-1_NODE_4	0	7.364517	0	0	0	0	0	0	0	0	0	0	0	0	0	0	0	0	25.844059	0	0	0	0	0
7-1_NODE_5	0	16.517076	0	0	0	0	0	0	0	0	0	0	0	0	0	0	0	0	40.23001	0	0	0	0	0
7-1_NODE_6	0	6.2732835	0	0	0	0	0	0	0	0	0	0	0	0	0	0	0	0	25.574057	0	0	0	0	0
7-1_NODE_8	0	5.5661807	0	0	0	0	0	0	0	0	0	0	0	0	0	0	0	0	31.266441	0	0	0	0	0
7-1_NODE_9	0	5.473014	0	0	0	0	0	0	0	0	0	0	0	0	0	0	0	0	18.906584	0	0	0	0	0
7-2_NODE_13	0	0	0	0	0	0	0	0	0	0	0	0	0	0	0	0	0	0	0	123.84103	2.4546587	0	0	0
7-2_NODE_16	0	0	0	0	0	0	0	0	0	0	0	0	0	0	0	0	0	0	0	56.59397	0	0	0	0
7-2_NODE_17	0	0	0	0	0	0	0	0	0	0	0	0	0	0	0	22.279793	5.458835	14.04829	0	189.81773	0	0	0	0
7-2_NODE_18	0	0	0	0	0	0	0	0	0	0	0	0	0	0	0	0	0	0	0	24.698547	0	0	0	0
7-2_NODE_19	0	0	0	0	0	0	0	0	0	0	0	0	0	0	0	0	3.3665922	0	0	247.49905	0	0	0	0
7-2_NODE_2	0	0	0	0	0	0	0	0	0	0	0	0	0	0	0	0	0	0	0	162.75706	0	0	0	0
7-2_NODE_20_1	0	0	0	0	0	0	0	0	0	0	0	0	0	0	0	0	0	0	0	55.548267	6.04545	0	0	0
7-2_NODE_23	0	0	0	0	0	0	0	0	0	0	0	0	0	0	0	0	0	0	0	12.470132	19.505268	0	0	0
7-2_NODE_24	0	0	0	0	0	0	0	0	0	0	0	0	0	0	0	0	0	0	0	114.8922	0	0	0	0
7-2_NODE_25	0	0	0	0	0	0	0	0	0	0	0	0	0	0	0	0	0	0	0	21.970371	0	0	0	0
7-2_NODE_26	0	6.3304415	0	21.307716	0	0	0	0	0	0	0	0	0	15.767354	0	12.181951	4.0820904	60.287865	17.872568	17.161173	18.618645	4.3133006	5.5129347	0
7-2_NODE_27	0	0	0	0	0	0	0	0	0	0	0	0	0	0	0	0	0	0	0	34.889122	0	0	0	0
7-2_NODE_29	0	0	0	0	0	0	0	0	0	0	0	0	0	0	0	0	0	0	0	15.537088	0	0	0	0
7-2_NODE_30	0	0	0	10.968413	0	0	0	0	0	0	0	0	0	16.164057	0	31.617067	15.134292	43.46545	0	19.724396	35.734833	7.868871	12.2733345	0
7-2_NODE_31	0	0	0	0	0	0	0	0	0	0	0	0	0	0	0	0	0	0	0	12.966026	2.393875	0	0	0
7-2_NODE_32	0	0	0	0	0	0	0	0	0	0	0	0	0	0	0	0	0	0	0	60.756557	3.046033	0	0	0
7-2_NODE_33	0	0	0	0	0	0	0	0	0	0	0	0	0	0	0	0	0	0	0	27.616873	0	0	0	0
7-2_NODE_34	0	0	0	0	0	0	0	0	0	0	0	0	0	0	0	0	0	0	0	53.370544	0	0	0	0
7-2_NODE_4	0	0	0	0	0	0	0	0	0	0	0	0	0	0	0	0	0	0	0	24.947279	0	0	0	0
7-2_NODE_40	0	0	0	0	0	0	0	0	0	0	0	0	0	0	0	0	0	0	0	10.188043	0	0	0	0
7-2_NODE_42	0	0	0	0	0	0	0	0	0	0	0	0	0	0	0	0	0	0	0	20.999773	0	0	0	0
7-2_NODE_46	0	0	0	0	0	0	0	0	0	0	0	3.2363954	0	0	0	0	0	0	0	14.500485	0	0	0	0
7-2_NODE_5	0	0	0	0	0	0	0	0	0	0	0	0	0	0	0	0	0	0	0	303.03217	0	0	0	0
7-2_NODE_54	0	0	0	0	0	0	0	0	0	0	0	0	0	0	0	0	0	0	0	67.331924	0	0	0	0
7-2_NODE_55	0	0	0	0	0	0	0	0	0	0	0	0	0	0	0	0	0	0	0	67.67338	0	0	0	0
7-2_NODE_59	0	0	0	0	0	0	0	0	0	0	0	0	0	28.82418	0	0	0	0	0	24.591614	0	0	0	0
7-2_NODE_63	0	0	0	0	0	0	0	0	0	0	0	0	0	0	0	0	0	0	0	13.548353	0	0	0	0
7-2_NODE_65_1	0	0	0	0	0	0	0	0	0	0	0	0	0	0	0	0	0	0	0	22.671814	0	0	0	0
7-2_NODE_67	0	0	0	0	0	0	0	0	0	0	0	0	0	0	0	0	0	0	0	18.50383	0	0	0	0
7-2_NODE_69	0	0	0	0	0	0	0	0	0	0	0	0	0	0	0	0	0	0	0	33.374096	0	0	0	0
7-2_NODE_71	0	0	0	0	0	0	0	0	0	0	0	0	0	0	0	0	0	0	0	60.587166	0	0	0	0
7-2_NODE_76	0	0	0	0	0	0	0	0	0	0	0	0	0	0	0	0	0	0	0	33.78226	0	0	0	0
7-2_NODE_77	0	0	0	0	0	0	0	0	0	0	0	0	0	0	0	0	0	0	0	16.23717	0	0	0	0
7-2_NODE_78	0	0	0	0	0	0	0	0	0	0	0	0	0	0	0	0	0	0	0	9.6337	0	0	0	0
7-2_NODE_8	0	0	0	0	0	0	0	0	0	0	0	0	0	0	0	0	0	0	0	105.25637	0	0	0	0
7-2_NODE_81	0	0	0	0	0	0	0	0	0	0	0	0	0	0	0	0	0	0	0	18.103416	0	0	0	0
7-2_NODE_84	0	0	0	0	0	0	0	0	0	0	0	0	0	0	0	0	0	0	0	19.408634	0	0	0	0
7-2_NODE_86	0	0	0	0	0	0	0	0	0	0	0	0	0	0	0	0	0	0	0	56.231277	2.7369268	0	0	0
7-2_NODE_88	0	0	0	0	0	0	0	0	0	0	0	0	0	0	0	0	0	0	0	10.75288	0	0	0	0
7-2_NODE_9_1	0	0	0	0	0	0	0	0	0	0	0	0	0	0	0	0	0	0	0	15.930941	0	0	0	0
7-6_NODE_10	0	0	0	0	0	0	0	0	0	0	0	0	0	0	0	0	0	3.7155418	0	2.1134937	48.676533	0	2.5496128	0
7-6_NODE_12	0	0	0	0	0	0	0	0	0	0	0	0	0	0	0	0	0	0	0	0	20.839499	0	0	0
7-6_NODE_13	0	0	0	0	0	0	0	0	0	0	0	0	0	0	0	0	0	0	0	0	8.188874	0	0	0
7-6_NODE_14	0	0	0	0	0	0	0	0	0	0	0	0	0	0	0	0	0	0	0	0	201.88902	6.974665	0	0
7-6_NODE_15	0	0	0	0	0	0	0	0	0	0	0	0	0	0	0	0	0	0	0	0	244.407	0	0	0
7-6_NODE_16	0	0	0	0	0	0	0	0	0	0	0	0	0	0	0	0	0	0	0	0	7.557013	0	0	0
7-6_NODE_17	0	0	0	0	0	0	0	0	0	0	0	0	0	0	0	0	0	8.733428	0	0	13.318329	0	0	0
7-6_NODE_18	0	0	0	0	0	0	0	0	0	0	0	0	0	0	0	0	0	0	0	6.562657	145.1959	58.299587	28.594398	0
7-6_NODE_19	0	0	0	0	0	0	0	0	0	0	0	0	0	0	0	0	0	0	0	0	7.01028	0	0	0
7-6_NODE_20	0	0	0	0	0	0	0	0	0	0	0	0	0	0	0	0	0	0	0	0	35.854527	0	0	0
7-6_NODE_21	0	0	0	0	0	0	0	0	0	0	0	0	0	0	0	0	0	0	0	0	9.5232935	0	0	0
7-6_NODE_22	0	0	0	0	0	0	0	0	0	0	0	0	0	0	0	0	0	0	0	0	23.117804	0	0	0
7-6_NODE_23	0	0	0	0	0	0	0	0	0	0	0	0	0	0	0	0	0	0	0	0	20.23867	7.0944004	8.001812	0
7-6_NODE_25	0	0	0	0	0	0	0	0	0	0	0	0	0	0	0	0	3.3210642	0	0	0	20.615213	0	3.6530745	0
7-6_NODE_26	0	0	0	0	0	0	0	0	0	0	0	0	0	0	0	0	2.2139416	0	0	0	30.427849	2.9844673	0	0
7-6_NODE_27	0	0	0	0	0	0	0	0	0	0	0	0	0	0	0	0	0	0	0	0	42.275295	0	0	0
7-6_NODE_28	0	0	0	0	0	0	0	0	0	0	0	0	0	0	0	0	0	0	0	0	8.919983	0	0	0
7-6_NODE_30	0	0	0	0	0	0	0	0	0	0	0	0	0	0	0	0	0	0	0	0	17.17091	88.4075	228.3171	200.18716
7-6_NODE_31	0	0	0	0	0	0	0	0	0	0	0	0	0	0	0	0	0	0	0	0	27.232939	0	0	23.402275
7-6_NODE_32	0	0	0	0	0	0	0	0	0	0	0	0	0	0	0	0	0	0	0	0	17.717058	0	0	0
7-6_NODE_33	0	0	0	0	0	0	0	0	0	0	0	0	0	0	0	0	0	0	0	0	39.795406	0	0	0
7-6_NODE_34	0	0	0	0	0	0	0	0	0	0	0	0	0	0	0	0	0	0	0	0	46.089405	0	0	0
7-6_NODE_35	0	0	0	0	0	0	0	0	0	0	0	0	0	0	0	0	0	0	0	0	18.33764	6.2751837	16.392862	0
7-6_NODE_36	0	0	0	0	0	0	0	0	0	0	0	0	0	0	0	0	0	0	0	0	7.6927857	0	0	0
7-6_NODE_37	0	0	0	0	0	0	0	0	0	0	0	0	0	0	0	0	0	0	0	0	61.01699	0	0	0
7-6_NODE_38	0	0	0	0	0	0	0	0	0	0	0	0	0	0	0	0	0	0	0	0	8.535055	0	0	0
7-6_NODE_40	0	0	0	0	0	0	0	0	0	0	0	0	0	0	0	0	0	0	0	0	8.193834	0	0	0
7-6_NODE_42	0	0	0	0	0	0	0	0	0	0	0	0	0	0	0	0	5.859671	0	0	0	86.37335	58.680325	379.24368	651.08295
7-6_NODE_44	0	0	0	0	0	0	0	0	0	0	0	0	0	0	0	0	0	0	0	0	22.921265	0	0	0
7-6_NODE_45	0	0	0	0	0	0	0	0	0	0	0	0	0	0	0	0	0	0	0	2.674472	16.313688	0	0	0
7-6_NODE_46	0	0	0	0	0	0	0	0	0	0	0	0	0	0	0	0	0	0	0	0	7.219489	0	0	0
7-6_NODE_52	0	0	0	0	0	0	0	0	0	0	0	0	0	22.856329	0	0	0	0	0	0	6.963146	0	0	0
7-6_NODE_53	0	0	0	0	0	0	0	0	0	0	0	0	0	0	0	10.310452	0	5.5262704	0	4.773277	47.560337	5.357835	0	0
7-6_NODE_58	0	0	0	0	0	0	0	0	0	0	0	0	0	0	0	0	0	0	0	0	13.337114	0	0	0
7-6_NODE_59	0	0	0	0	0	0	0	0	0	0	0	0	0	0	0	0	9.88123	17.381577	0	0	15.00606	0	0	0
7-6_NODE_6	0	0	0	0	0	0	0	0	0	0	0	0	0	0	0	0	0	0	0	0	8.617077	0	0	0
7-6_NODE_61	0	0	0	0	0	0	0	0	0	0	0	0	0	0	0	0	0	0	0	0	7.2183204	0	0	0
7-6_NODE_63	0	0	0	0	0	0	0	0	0	0	0	0	0	0	0	0	0	0	0	0	7.45493	0	0	0
7-6_NODE_64	0	0	0	0	0	0	0	0	0	0	0	0	0	0	0	0	0	0	0	0	84.474655	0	0	0
7-6_NODE_65	0	0	0	0	0	0	0	0	0	0	0	0	0	0	0	0	0	0	0	0	16.57075	0	0	0
7-6_NODE_7	0	0	0	0	0	0	0	0	0	0	0	0	0	0	0	0	0	0	0	0	8.26491	0	0	0
7-6_NODE_70_1	0	0	0	0	0	0	0	0	0	0	0	0	0	0	0	0	0	0	0	0	5.374712	0	0	0
7-6_NODE_71	0	0	0	0	0	0	0	0	0	0	0	0	0	0	0	0	0	0	5.8147907	11.126648	127.83415	8.643803	8.932853	0
7-6_NODE_72	0	5.216592	0	0	0	0	0	0	0	0	80.89357	15.583575	8.360216	0	3.4079127	0	0	8.738437	12.273354	3.79526	7.409685	0	6.2030077	0
7-6_NODE_73	0	0	0	0	0	0	0	0	0	0	0	0	0	0	0	0	0	0	0	0	6.5041976	0	0	0
7-6_NODE_74	0	0	0	0	0	0	0	0	0	0	0	0	0	0	0	0	0	5.8483233	0	0	11.308709	0	0	0
7-6_NODE_76	0	0	0	0	0	0	0	0	0	0	0	0	0	0	0	0	0	0	0	0	9.256354	0	0	0
7-6_NODE_77	0	0	0	0	0	0	0	0	0	0	0	0	0	18.28309	0	19.559103	10.924014	13.606953	0	0	6.1736917	0	0	0
7-6_NODE_79	0	0	0	0	0	0	0	0	0	0	0	0	0	43.282673	0	0	15.070004	0	0	14.628547	272.00412	11.451951	45.362797	0
7-6_NODE_8	0	0	0	0	0	0	0	0	0	0	0	3.3796625	0	0	0	0	0	0	0	0	16.012808	0	0	0
7-6_NODE_80	0	0	0	0	0	0	0	0	0	0	0	0	93.9458	1169.9467	58.412712	34.577835	2.1064258	18.143661	0	4.747793	103.87347	25.910305	96.1768	9.726404
7-6_NODE_82	0	0	0	0	0	0	0	0	0	0	0	0	0	0	0	0	0	0	0	0	17.961903	0	0	0
7-6_NODE_83	0	0	0	0	0	0	0	0	0	0	0	0	0	0	0	0	0	0	0	0	6.931405	0	0	0
7-6_NODE_87	0	0	0	0	0	0	0	0	0	0	0	0	0	0	0	0	0	0	0	0	30.472996	0	0	0
8-3_NODE_1	0	0	0	0	0	0	0	0	0	0	0	0	0	0	0	0	0	0	0	0	0	43.40133	0	0
8-3_NODE_10	0	0	0	0	0	0	0	0	0	0	0	0	0	0	0	0	0	0	0	0	0	158.20248	0	0
8-3_NODE_11	0	0	0	0	0	0	0	0	0	0	0	0	0	0	0	0	0	0	0	0	0	29.874338	0	0
8-3_NODE_12	0	0	0	0	0	0	0	0	0	0	0	0	0	0	0	0	0	0	0	0	0	18.263767	0	0
8-3_NODE_13	0	0	0	0	0	0	0	0	0	0	0	0	0	0	0	5.5887656	0	3.4639285	0	8.700916	0	26.768438	6.3705697	0
8-3_NODE_14	0	0	0	0	0	0	0	0	0	0	0	0	0	0	0	0	0	0	0	0	0	33.336273	0	0
8-3_NODE_15	0	0	0	0	0	0	0	0	0	0	0	0	0	0	0	0	0	0	0	0	0	149.54535	0	0
8-3_NODE_17	0	0	0	0	0	0	0	0	0	0	0	0	0	0	0	0	0	0	0	0	0	13.671628	0	0
8-3_NODE_19	0	0	0	0	0	0	0	0	0	0	0	0	0	0	0	0	0	0	0	0	0	13.279499	0	0
8-3_NODE_2	0	0	0	0	0	0	0	0	0	0	0	0	0	0	0	0	0	0	0	0	0	25.787525	0	0
8-3_NODE_20	0	0	0	0	0	0	0	0	0	0	0	0	0	0	0	0	0	0	0	0	0	38.448578	0	0
8-3_NODE_21_1	0	0	0	0	0	0	0	0	0	0	0	0	0	0	0	0	0	0	0	0	0	409.5604	0	0
8-3_NODE_22	0	0	0	0	0	0	0	0	0	0	0	0	0	0	0	0	0	0	0	0	0	155.50735	0	0
8-3_NODE_23	0	0	0	0	0	0	0	0	0	0	0	0	0	0	0	0	0	0	0	0	0	30.49268	0	0
8-3_NODE_24	0	0	0	0	0	0	0	0	0	0	0	0	0	0	0	0	0	0	0	0	0	10.784966	0	0
8-3_NODE_25	0	0	0	0	0	0	0	0	0	0	0	0	0	0	0	0	0	0	0	0	0	39.560947	0	0
8-3_NODE_26	0	0	0	0	0	0	0	0	0	0	0	0	0	0	0	0	0	0	0	0	0	133.97066	0	0
8-3_NODE_27	0	0	0	0	0	0	0	0	0	0	0	0	0	0	0	0	0	0	0	0	0	116.30412	0	0
8-3_NODE_28	0	0	0	0	0	0	0	0	0	0	0	0	0	0	0	0	0	0	0	0	0	102.29791	0	0
8-3_NODE_29	0	0	0	0	0	0	0	0	0	0	0	0	0	0	0	0	0	0	0	0	0	14.379811	0	0
8-3_NODE_3	0	0	0	0	0	0	0	0	0	0	0	0	0	0	0	0	0	0	0	0	0	205.96835	0	0
8-3_NODE_30	0	0	0	0	0	0	0	0	0	0	0	0	0	0	0	0	0	0	0	0	0	36.310318	0	0
8-3_NODE_31	0	0	0	0	0	0	0	0	0	0	0	0	0	0	0	0	0	0	0	0	0	38.460567	0	0
8-3_NODE_33	0	0	0	0	0	0	0	0	0	0	0	0	0	0	0	0	0	0	0	0	0	35.90169	0	0
8-3_NODE_34	0	0	0	0	0	0	0	0	0	0	0	0	0	0	0	0	0	0	0	0	0	9.159212	88.79914	0
8-3_NODE_35	0	0	0	0	0	0	0	0	0	0	0	0	0	0	0	0	0	0	0	0	0	29.766495	0	0
8-3_NODE_4	0	0	0	0	0	0	0	0	0	0	0	0	0	0	0	0	0	0	0	0	0	32.447365	0	0
8-3_NODE_5	0	4.071436	0	0	12.670814	0	0	0	0	0	0	0	0	0	0	0	0	4.905377	0	0	0	145.2377	249.19873	0
8-3_NODE_6	0	0	0	0	0	0	0	0	0	0	0	0	0	0	0	0	10.73923	3.7391064	0	0	0	54.248386	7.4718285	0
8-3_NODE_7	0	0	0	0	0	0	0	0	0	0	0	0	0	0	0	0	0	0	0	0	17.080854	88.81748	229.07108	201.1415
8-3_NODE_8	0	0	0	0	0	0	0	0	0	0	0	2.546747	0	0	0	0	0	0	0	0	0	55.091335	0	0
8-3_NODE_9	0	0	0	0	0	0	0	0	0	0	0	0	0	0	0	0	0	0	0	0	0	196.65855	0	0
8-4_NODE_1	0	0	0	0	0	0	0	0	0	0	0	0	0	0	0	0	0	0	0	0	0	14.229019	136.06027	0
8-4_NODE_10	0	0	0	0	0	0	0	0	0	0	0	0	0	0	0	0	0	0	0	0	0	3.726809	79.93597	0
8-4_NODE_11	0	0	0	0	0	0	0	0	0	0	0	0	0	0	0	0	0	0	0	0	0	0	17.247236	0
8-4_NODE_12	0	0	0	0	0	0	0	0	0	0	0	0	0	0	0	0	0	0	0	0	0	0	11.184057	0
8-4_NODE_13	0	0	0	0	0	0	0	0	0	0	0	0	0	0	0	0	0	0	0	3.301203	0	0	33.688625	0
8-4_NODE_15	0	0	0	0	0	0	0	0	0	0	0	0	0	0	0	0	0	0	0	0	0	23.169647	17.42255	0
8-4_NODE_16	0	0	0	0	0	0	0	0	0	0	0	0	0	0	0	0	0	0	0	0	0	0	13.544617	0
8-4_NODE_18	0	0	0	0	0	0	0	0	0	0	0	0	0	0	0	0	0	0	0	0	0	0	17.599693	0
8-4_NODE_19	0	0	0	0	0	0	0	0	0	0	0	0	0	0	0	0	0	0	0	0	0	0	11.308464	0
8-4_NODE_2	0	0	0	0	0	0	0	0	0	0	0	0	0	0	0	0	0	0	0	0	0	4.8154764	35.183823	0
8-4_NODE_20	0	0	0	0	0	0	0	0	0	0	0	0	0	0	0	0	0	0	0	0	0	0	29.204342	14.067062
8-4_NODE_24	0	0	0	0	0	0	0	0	0	0	0	0	0	0	0	0	0	0	0	0	0	0	10.185663	0
8-4_NODE_25	0	0	0	0	0	0	0	0	0	0	0	0	0	0	0	0	0	0	0	0	0	6.9297585	104.62801	0
8-4_NODE_26	0	0	0	0	0	0	0	0	0	0	0	0	0	0	0	0	0	0	0	0	0	0	13.515594	0
8-4_NODE_27	0	0	0	0	0	0	0	0	0	0	0	0	0	0	0	0	0	0	0	0	0	0	9.132286	0
8-4_NODE_28	0	0	0	0	0	0	0	0	0	0	0	0	0	0	0	0	4.6140394	0	0	0	0	0	23.138834	0
8-4_NODE_29	0	0	0	23.019005	0	0	0	0	0	0	0	0	0	0	0	0	0	78.0507	0	3.2659998	0	9.866321	152.60718	0
8-4_NODE_3	0	0	0	0	0	0	0	0	0	0	0	0	0	0	0	0	0	0	0	0	5.4793158	14.560337	51.20919	0
8-4_NODE_30	0	0	0	0	0	0	0	0	0	0	0	0	0	0	0	0	0	0	0	0	0	0	14.1055155	0
8-4_NODE_31	0	0	0	0	0	0	0	0	0	0	0	0	0	0	0	0	0	0	0	0	0	0	19.750244	0
8-4_NODE_32	0	0	0	0	0	0	0	0	0	0	0	0	0	0	0	0	0	0	0	0	0	0	17.866484	0
8-4_NODE_33	0	5.5689363	0	5.6720853	0	0	0	0	0	0	0	0	0	0	0	53.936623	4.9384217	31.897951	35.186333	0	2.3309484	0	37.585876	0
8-4_NODE_4	0	0	0	0	0	0	0	0	0	0	0	0	0	0	0	0	0	0	0	0	4.637471	13.570798	142.98729	0
8-4_NODE_5	0	0	0	0	0	0	0	0	0	0	0	0	0	0	0	0	0	3.361402	0	0	0	9.773899	19.91861	0
8-4_NODE_6	0	0	0	0	0	0	0	0	0	0	0	0	0	0	0	0	0	0	0	9.523196	59.2958	33.883068	39.62287	0
8-4_NODE_8	0	0	0	0	0	0	0	0	0	0	0	0	0	0	0	0	0	0	0	0	0	0	13.504112	0
8-4_NODE_9	0	0	0	0	0	0	0	0	0	0	0	0	0	0	0	0	0	0	0	99.06316	0	3.3467991	31.157455	0
8-5_NODE_1	0	0	0	0	0	0	0	0	0	0	0	0	0	0	0	0	8.080004	0	0	0	0	0	0	36.837955
8-5_NODE_10	0	0	0	0	0	0	0	0	0	0	0	0	0	0	0	0	0	0	0	0	0	0	0	186.87325
8-5_NODE_11	0	0	0	0	0	0	0	0	0	0	0	0	0	0	0	0	3.799015	0	0	0	0	0	0	122.71523
8-5_NODE_12	0	0	0	0	0	0	0	0	0	0	0	0	0	0	0	0	0	0	0	0	0	0	0	130.9531
8-5_NODE_13	0	0	0	0	0	0	0	0	0	0	0	0	0	0	0	0	0	0	0	0	0	3.2661622	52.3441	107.08663
8-5_NODE_14	0	0	0	0	0	0	0	0	0	0	0	0	0	0	0	0	0	0	0	0	0	0	0	128.40944
8-5_NODE_2	0	0	0	0	0	0	0	0	0	0	0	0	0	0	0	0	0	0	0	0	0	14.250568	143.34798	118.38947
8-5_NODE_3	0	0	0	0	0	0	0	0	0	0	0	0	0	0	0	0	0	0	0	0	0	0	0	58.61728
8-5_NODE_4	0	0	0	0	0	0	0	0	0	0	0	0	0	0	0	0	0	0	0	0	0	0	0	120.079475
8-5_NODE_5	0	0	0	0	0	0	0	0	0	0	0	0	0	0	0	0	0	0	0	0	0	0	0	432.1442
8-5_NODE_6	0	0	0	0	0	0	0	0	0	0	0	0	0	0	0	0	0	0	0	0	0	0	0	383.28494
8-5_NODE_8	0	0	0	0	0	0	0	0	0	0	0	0	0	0	0	0	0	0	0	0	0	0	0	45.483055
8-5_NODE_9_1	0	0	0	0	0	0	0	0	0	0	0	0	0	0	0	0	0	0	0	0	0	0	0	48.792583
A12_PHAGE_COMPLETE_CIR-CU-CL_32_1	0	0	0	0	0	0	0	0	0	0	0	0	0	0	0	0	0	0	0	0	0	0	0	0
A4_PHAGE_COMPLETE_CIR-CU-CL_34_1	0	0	0	0	0	0	0	0	0	0	0	0	0	0	0	0	0	0	0	0	0	0	0	0
A5_PHAGE_COMPLETE_CIR-CU-CL_32_1	0	0	0	0	0	0	0	0	0	0	0	0	0	0	0	0	0	0	0	0	0	0	0	0
A6_PHAGE_COMPLETE_CIR-CU-CL_34_1	0	0	0	0	0	0	0	0	0	0	0	0	0	0	0	0	0	0	0	0	0	0	0	0
A7_PHAGE_COMPLETE_CIR-CU-CL-ST_29_1	0	0	0	0	0	0	0	0	0	0	0	0	0	0	0	0	0	0	0	0	0	0	0	0
A8_PHAGE_COMPLETE_CIR-CU-CL_27_1	0	0	0	0	0	0	0	0	0	0	0	0	0	0	0	0	0	0	0	0	0	0	0	0
A9_PHAGE_COMPLETE_CIR-CU-CL_39_1	0	0	0	0	0	0	0	0	0	0	0	0	0	0	0	0	0	0	0	0	0	0	0	0
ALT_PHAGE_24_16	0	0	0	0	0	0	0	0	0	0	0	0	0	0	0	0	0	0	0	0	0	0	0	0
ALT_PHAGE_35_11	0	0	0	0	0	0	0	0	0	0	0	0	0	0	0	0	0	0	0	0	0	0	0	0
ALT_PHAGE_39_18	0	0	0	0	0	0	0	0	0	0	0	0	0	0	0	0	0	0	0	0	0	0	0	0
ALT_PHAGE_40_9	0	0	0	0	0	0	0	0	0	0	0	0	0	0	0	0	0	0	0	0	0	0	0	0
ALT_PHAGE_51_12	0	0	0	0	0	0	0	0	0	0	0	0	0	0	0	0	0	0	0	0	0	0	0	0
ALT_PHAGE_CIR_40_22	0	0	0	0	0	0	0	0	0	0	0	0	0	0	0	0	0	0	0	0	0	0	0	0
ALT_PHAGE_CIR_40_9	0	0	0	0	0	0	0	0	0	0	0	0	0	0	0	0	0	0	0	0	0	0	0	0
AOT-PERU_PHAGE_COMPLETE_CIR-CU-CL_183_33	0	0	0	0	0	0	0	0	0	0	0	0	0	0	0	0	0	0	0	0	0	0	0	0
AOT-PERU_PHAGE_COMPLETE_CIR-CU-CL_35_94	0	0	0	0	0	0	0	0	0	0	0	0	0	0	0	0	0	0	0	0	0	0	0	0
AOT-PERU_PHAGE_COMPLETE_CIR-CU-CL-ST_331_34	0	0	0	0	0	0	0	0	0	0	0	0	0	0	0	0	0	0	0	0	0	0	0	0
AOT-USA_PHAGE_CU_138_47	0	0	0	0	0	0	0	0	0	0	0	0	0	0	0	0	0	0	0	0	0	0	0	0
AP_PHAGE_CIR_35_225	0	0	0	0	0	0	0	0	0	0	0	0	0	0	0	0	0	0	0	0	0	0	0	0
BC_PHAGE_31_62	0	0	0	0	0	0	0	0	0	0	0	0	0	0	0	0	0	0	0	0	0	0	0	0
BJP_PHAGE_COMPLETE_CIR-CU-CL-ST_29_18	0	0	0	0	0	0	0	0	0	0	0	0	0	0	0	0	0	0	0	0	0	0	0	0
BJP_PLASMID_CIR_60_13	0	0	0	0	0	0	0	0	0	0	0	0	0	0	0	0	0	0	0	0	0	0	0	0
BML_PHAGE_32_10	0	0	0	0	0	0	0	0	0	0	0	0	0	0	0	0	0	0	0	0	0	0	0	0
BML_PHAGE_34_18	0	0	0	0	0	0	0	0	0	0	0	0	0	0	0	0	0	0	0	0	0	0	0	0
BML_PHAGE_37_14	0	0	0	0	0	0	0	0	0	0	0	0	0	0	0	0	0	0	0	0	0	0	0	0
BML_PHAGE_39_25	0	0	0	0	0	0	0	0	0	0	0	0	0	0	0	0	0	0	0	0	0	0	0	0
BML_PHAGE_45_11	0	0	0	0	0	0	0	0	0	0	0	0	0	0	0	0	0	0	0	0	0	0	0	0
BML_PHAGE_48_9	0	0	0	0	0	0	0	0	0	0	0	0	0	0	0	0	0	0	0	0	0	0	0	0
BML_PHAGE_CIR_30_13	0	0	0	0	0	0	0	0	0	0	0	0	0	0	0	0	0	0	0	0	0	0	0	0
BML_PHAGE_CIR_31_30	0	0	0	0	0	0	0	0	0	0	0	0	0	0	0	0	0	0	0	0	0	0	0	0
BML_PHAGE_CIR_35_14	0	0	0	0	0	0	0	0	0	0	0	0	0	0	0	0	0	0	0	0	0	0	0	0
BML_PHAGE_CIR_35_18	0	0	0	0	0	0	0	0	0	0	0	0	0	0	0	0	0	0	0	0	0	0	0	0
BML_PHAGE_CIR_36_18	0	0	0	0	0	0	0	0	0	0	0	0	0	0	0	0	0	0	0	0	0	0	0	0
BML_PHAGE_CIR_40_12	0	0	0	0	0	0	0	0	0	0	0	0	0	0	0	0	0	0	0	0	0	0	0	0
BML_PHAGE_CIR_40_15_B	0	0	0	0	0	0	0	0	0	0	0	0	0	0	0	0	0	0	0	0	0	0	0	0
BML_PHAGE_CIR_41_12	0	0	0	0	0	0	0	0	0	0	0	0	0	0	0	0	0	0	0	0	0	0	0	0
BML_PHAGE_CIR_42_5	0	0	0	0	0	0	0	0	0	0	0	0	0	0	0	0	0	0	0	0	0	0	0	0
BML_PHAGE_CIR_47_13	0	0	0	0	0	0	0	0	0	0	0	0	0	0	0	0	0	0	0	0	0	0	0	0
BML_PHAGE_CIR_57_14	0	0	0	0	0	0	0	0	0	0	0	0	0	0	0	0	0	0	0	0	0	0	0	0
BML_PHAGE_CIR-CU-GA_51_12	0	0	0	0	0	0	0	0	0	0	0	0	0	0	0	0	0	0	0	0	0	0	0	0
BML_PHAGE_COMPLETE_CIR-CU-CL_30_21	0	0	0	0	0	0	0	0	0	0	0	0	0	0	0	0	0	0	0	0	0	0	0	0
BML_PHAGE_COMPLETE_CIR-CU-CL_32_14	0	0	0	0	0	0	0	0	0	0	0	0	0	0	0	0	0	0	0	0	0	0	0	0
BM_PHAGE_CIR_35_55	0	0	0	0	0	0	0	0	0	0	0	0	0	0	0	0	0	0	0	0	0	0	0	0
CG_PHAGE_34_22	0	0	0	0	0	0	0	0	0	0	0	0	0	0	0	0	0	0	0	0	0	0	0	0
CG_PHAGE_37_32	0	0	0	0	0	0	0	0	0	0	0	0	0	0	0	0	0	0	0	0	0	0	0	0
CG_PHAGE_CIR_35_156	0	0	0	0	0	0	0	0	0	0	0	0	0	0	0	0	0	0	0	0	0	0	0	0
CG_PHAGE_CIR_59_29	0	0	0	0	0	0	0	0	0	0	0	0	0	0	0	0	0	0	0	0	0	0	0	0
CHG_PHAGE_27_52	0	0	0	0	0	0	0	0	0	0	0	0	0	0	0	0	0	0	0	0	0	0	0	0
CHG_PHAGE_CIR_31_47	0	0	0	0	0	0	0	0	0	0	0	0	0	0	0	0	0	0	0	0	0	0	0	0
DGJ_PHAGE_43_837	0	0	0	0	0	0	0	0	0	0	0	0	0	0	0	0	0	0	0	0	0	0	0	0
ERM_PHAGE_38_12	0	0	0	0	0	0	0	0	0	0	0	0	0	0	0	0	0	0	0	0	0	0	0	0
ERM_PHAGE_42_11	0	0	0	0	0	0	0	0	0	0	0	0	0	0	0	0	0	0	0	0	0	0	0	0
ERM_PHAGE_CIR_34_117	0	0	0	0	0	0	0	0	0	0	0	0	0	0	0	0	0	0	0	0	0	0	0	0
ERM_PHAGE_CIR_40_15	0	0	0	0	0	0	0	0	0	0	0	0	0	0	0	0	0	0	0	0	0	0	0	0
ERM_PHAGE_CIR_40_28	0	0	0	0	0	0	0	0	0	0	0	0	0	0	0	0	0	0	0	0	0	0	0	0
ERM_PHAGE_CIR_43_54	0	0	0	0	0	0	0	0	0	0	0	0	0	0	0	0	0	0	0	0	0	0	0	0
ERM_PHAGE_CIR_52_47	0	0	0	0	0	0	0	0	0	0	0	0	0	0	0	0	0	0	0	0	0	0	0	0
ER_PHAGE_35_11	0	0	0	0	0	0	0	0	0	0	0	0	0	0	0	0	0	0	0	0	0	0	0	0
ER_PHAGE_49_29	0	0	0	0	0	0	0	0	0	0	0	0	0	0	0	0	0	0	0	0	0	0	0	0
ER_PHAGE_58_11	0	0	0	0	0	0	0	0	0	0	0	0	0	0	0	0	0	0	0	0	0	0	0	0
ER_PHAGE_CIR_36_10	0	0	0	0	0	0	0	0	0	0	0	0	0	0	0	0	0	0	0	0	0	0	0	0
F01_PHAGE_CIR_32_27	0	0	0	0	0	0	0	0	0	0	0	0	0	0	0	0	0	0	0	0	0	0	0	0
F-05_PHAGE_36_45	0	0	0	0	0	0	0	0	0	0	0	0	0	0	0	0	0	0	0	0	0	0	0	0
F09_PHAGE_CIR_32_37	0	0	0	0	0	0	0	0	0	0	0	0	0	0	0	0	0	0	0	0	0	0	0	0
F09_PHAGE_CIR_33_145	0	0	0	0	0	0	0	0	0	0	0	0	0	0	0	0	0	0	0	0	0	0	0	0
F14_PHAGE_CIR_38_54	0	0	0	0	0	0	0	0	0	0	0	0	0	0	0	0	0	0	0	0	0	0	0	0
F16_PHAGE_CIR_32_22	0	0	0	0	0	0	0	0	0	0	0	0	0	0	0	0	0	0	0	0	0	0	0	0
F-21_PHAGE_50_48	0	0	0	0	0	0	0	0	0	0	0	0	0	0	0	0	0	0	0	0	0	0	0	0
F21_PHAGE_CIR_34_7	0	0	0	0	0	0	0	0	0	0	0	0	0	0	0	0	0	0	0	0	0	0	0	0
F21_PHAGE_CIR_35_63	0	0	0	0	0	0	0	0	0	0	0	0	0	0	0	0	0	0	0	0	0	0	0	0
F-24_PHAGE_27_21	0	0	0	0	0	0	0	0	0	0	0	0	0	0	0	0	0	0	0	0	0	0	0	0
F27_PHAGE_COMPLETE_CIR-CU-CL-RE_31_45	0	0	0	0	0	0	0	0	0	0	0	0	0	0	0	0	0	0	0	0	0	0	0	0
F-31_PHAGE_35_42	0	0	0	0	0	0	0	0	0	0	0	0	0	0	0	0	0	0	0	0	0	0	0	0
F31_PHAGE_CIR_25_32	0	0	0	0	0	0	0	0	0	0	0	0	0	0	0	0	0	0	0	0	0	0	0	0
F31_PHAGE_CIR_26_47	0	0	0	0	0	0	0	0	0	0	0	0	0	0	0	0	0	0	0	0	0	0	0	0
F31_PHAGE_CIR_34_27	0	0	0	0	0	0	0	0	0	0	0	0	0	0	0	0	0	0	0	0	0	0	0	0
FFC_PHAGE_43_1208	0	0	0	0	0	0	0	0	0	0	0	0	0	0	0	0	0	0	0	0	0	0	0	0
FFC_PHAGE_44_113	0	0	0	0	0	0	0	0	0	0	0	0	0	0	0	0	0	0	0	0	0	0	0	0
FFC_PHAGE_CIR_38_15	0	0	0	0	0	0	0	0	0	0	0	0	0	0	0	0	0	0	0	0	0	0	0	0
FFC_PHAGE_CIR_42_59	0	0	0	0	0	0	0	0	0	0	0	0	0	0	0	0	0	0	0	0	0	0	0	0
FFSP_PHAGE_34_11	0	0	0	0	0	0	0	0	0	0	0	0	0	0	0	0	0	0	0	0	0	0	0	0
GD_PHAGE_36_14	0	0	0	0	0	0	0	0	0	0	0	0	0	0	0	0	0	0	0	0	0	0	0	0
GD_PHAGE_46_9	0	0	0	0	0	0	0	0	0	0	0	0	0	0	0	0	0	0	0	0	0	0	0	0
GD_PHAGE_60_8	0	0	0	0	0	0	0	0	0	0	0	0	0	0	0	0	0	0	0	0	0	0	0	0
GD_PHAGE_62_180	0	0	0	0	0	0	0	0	0	0	0	0	0	0	0	0	0	0	0	0	0	0	0	0
GD_PHAGE_CIR_32_9	0	0	0	0	0	0	0	0	0	0	0	0	0	0	0	0	0	0	0	0	0	0	0	0
GD_PHAGE_CIR_48_49	0	0	0	0	0	0	0	0	0	0	0	0	0	0	0	0	0	0	0	0	0	0	0	0
GD_PHAGE_CIR_60_59	0	0	0	0	0	0	0	0	0	0	0	0	0	0	0	0	0	0	0	0	0	0	0	0
GD_UNKNOWN_CIR_63_59	0	0	0	0	0	0	0	0	0	0	0	0	0	0	0	0	0	0	0	0	0	0	0	0
GM_PHAGE_38_38	0	0	0	0	0	0	0	0	0	0	0	0	0	0	0	0	0	0	0	0	0	0	0	0
GR_PHAGE_54_16_A	0	0	0	0	0	0	0	0	0	0	0	0	0	0	0	0	0	0	0	0	0	0	0	0
GR_PHAGE_54_16_B	0	0	0	0	0	0	0	0	0	0	0	0	0	0	0	0	0	0	0	0	0	0	0	0
GWB1_PHAGE_CIR_38_192	0	0	0	0	0	0	0	0	0	0	0	0	0	0	0	0	0	0	0	0	0	0	0	0
GWB1_PHAGE_COMPLETE_CIR-CU-CL_25_34	0	0	0	0	0	0	0	0	0	0	0	0	0	0	0	0	0	0	0	0	0	0	0	0
GWB1_PHAGE_COMPLETE_CIR-CU-CL_55_23	0	0	0	0	0	0	0	0	0	0	0	0	0	0	0	0	0	0	0	0	0	0	0	0
GWC1_PHAGE_CIR_34_18	0	0	0	0	0	0	0	0	0	0	0	0	0	0	0	0	0	0	0	0	0	0	0	0
GWD2_PHAGE_CIR_40_276	0	0	0	0	0	0	0	0	0	0	0	0	0	0	0	0	0	0	0	0	0	0	0	0
GWE1_PHAGE_CIR_39_28	0	0	0	0	0	0	0	0	0	0	0	0	0	0	0	0	0	0	0	0	0	0	0	0
GWF1_PHAGE_CIR_26_9	0	0	0	0	0	0	0	0	0	0	0	0	0	0	0	0	0	0	0	0	0	0	0	0
GWF2_PHAGE_CIR_40_44	0	0	0	0	0	0	0	0	0	0	0	0	0	0	0	0	0	0	0	0	0	0	0	0
GWF2_PHAGE_CIR_41_11	0	0	0	0	0	0	0	0	0	0	0	0	0	0	0	0	0	0	0	0	0	0	0	0
H18-TANZANIA_PHAGE_33_33	0	0	0	0	0	0	0	0	0	0	0	0	0	0	0	0	0	0	0	0	0	0	0	0
LP_PHAGE_22_14	0	0	0	0	0	0	0	0	0	0	0	0	0	0	0	0	0	0	0	0	0	0	0	0
LP_PHAGE_27_15	0	0	0	0	0	0	0	0	0	0	0	0	0	0	0	0	0	0	0	0	0	0	0	0
LP_PHAGE_27_44	0	0	0	0	0	0	0	0	0	0	0	0	0	0	0	0	0	0	0	0	0	0	0	0
LP_PHAGE_29_14	0	0	0	0	0	0	0	0	0	0	0	0	0	0	0	0	0	0	0	0	0	0	0	0
LP_PHAGE_30_11	0	0	0	0	0	0	0	0	0	0	0	0	0	0	0	0	0	0	0	0	0	0	0	0
LP_PHAGE_30_17	0	0	0	0	0	0	0	0	0	0	0	0	0	0	0	0	0	0	0	0	0	0	0	0
LP_PHAGE_31_15	0	0	0	0	0	0	0	0	0	0	0	0	0	0	0	0	0	0	0	0	0	0	0	0
LP_PHAGE_31_18	0	0	0	0	0	0	0	0	0	0	0	0	0	0	0	0	0	0	0	0	0	0	0	0
LP_PHAGE_36_12	0	0	0	0	0	0	0	0	0	0	0	0	0	0	0	0	0	0	0	0	0	0	0	0
LP_PHAGE_38_12	0	0	0	0	0	0	0	0	0	0	0	0	0	0	0	0	0	0	0	0	0	0	0	0
LP_PHAGE_38_17	0	0	0	0	0	0	0	0	0	0	0	0	0	0	0	0	0	0	0	0	0	0	0	0
LP_PHAGE_39_54	0	0	0	0	0	0	0	0	0	0	0	0	0	0	0	0	0	0	0	0	0	0	0	0
LP_PHAGE_40_9	0	0	0	0	0	0	0	0	0	0	0	0	0	0	0	0	0	0	0	0	0	0	0	0
LP_PHAGE_41_26	0	0	0	0	0	0	0	0	0	0	0	0	0	0	0	0	0	0	0	0	0	0	0	0
LP_PHAGE_52_55	0	0	0	0	0	0	0	0	0	0	0	0	0	0	0	0	0	0	0	0	0	0	0	0
LP_PHAGE_CIR_34_34	0	0	0	0	0	0	0	0	0	0	0	0	0	0	0	0	0	0	0	0	0	0	0	0
LP_PHAGE_CIR_36_41	0	0	0	0	0	0	0	0	0	0	0	0	0	0	0	0	0	0	0	0	0	0	0	0
LP_PHAGE_COMPLETE_CIR-CU-CL_32_18	0	0	0	0	0	0	0	0	0	0	0	0	0	0	0	0	0	0	0	0	0	0	0	0
LS_PHAGE_CIR_60_22	0	0	0	0	0	0	0	0	0	0	0	0	0	0	0	0	0	0	0	0	0	0	0	0
M04_PHAGE_COMPLETE_CIR-CU-CL_33_59	0	0	0	0	0	0	0	0	0	0	0	0	0	0	0	0	0	0	0	0	0	0	0	0
M-05_PHAGE_29_57	0	0	0	0	0	0	0	0	0	0	0	0	0	0	0	0	0	0	0	0	0	0	0	0
M05_PHAGE_CIR_32_31	0	0	0	0	0	0	0	0	0	0	0	0	0	0	0	0	0	0	0	0	0	0	0	0
M07_PHAGE_34_19	0	0	0	0	0	0	0	0	0	0	0	0	0	0	0	0	0	0	0	0	0	0	0	0
M09_PHAGE_37_31	0	0	0	0	0	0	0	0	0	0	0	0	0	0	0	0	0	0	0	0	0	0	0	0
M-09_PHAGE_50_88	0	0	0	0	0	0	0	0	0	0	0	0	0	0	0	0	0	0	0	0	0	0	0	0
M09_PHAGE_CIR_32_33	0	0	0	0	0	0	0	0	0	0	0	0	0	0	0	0	0	0	0	0	0	0	0	0
M11_PHAGE_COMPLETE_CIR-CU-CL_36_25	0	0	0	0	0	0	0	0	0	0	0	0	0	0	0	0	0	0	0	0	0	0	0	0
MAD1_PHAGE_COMPLETE_CIR-CU-CL-ST_26_25	0	0	0	0	0	0	0	0	0	0	0	0	0	0	0	0	0	0	0	0	0	0	0	0
MOOSE-W_PHAGE_30_0	0	0	0	0	0	0	0	0	0	0	0	0	0	0	0	0	0	0	0	0	0	0	0	0
MOOSE-W_PHAGE_30_1	0	0	0	0	0	0	0	0	0	0	0	0	0	0	0	0	0	0	0	0	0	0	0	0
MOOSE-W_PHAGE_37_0	0	0	0	0	0	0	0	0	0	0	0	0	0	0	0	0	0	0	0	0	0	0	0	0
MOOSE-W_PHAGE_CIR_22_0	0	0	0	0	0	0	0	0	0	0	0	0	0	0	0	0	0	0	0	0	0	0	0	0
N5_UNKNOWN_CIR_33_1450	0	0	0	0	0	0	0	0	0	0	0	0	0	0	0	0	0	0	0	0	0	0	0	0
OS_PHAGE_40_40	0	0	0	0	0	0	0	0	0	0	0	0	0	0	0	0	0	0	0	0	0	0	0	0
PIG_PHAGE_COMPLETE_CIR-CU-CL_31_57	0	0	0	0	0	0	0	0	0	0	0	0	0	0	0	0	0	0	0	0	0	0	0	0
PIG_PHAGE_COMPLETE_CIR-CU-CL_36_38_A	0	0	0	0	0	0	0	0	0	0	0	0	0	0	0	0	0	0	0	0	0	0	0	0
PIG_PHAGE_COMPLETE_CIR-CU-CL_37_32	0	0	0	0	0	0	0	0	0	0	0	0	0	0	0	0	0	0	0	0	0	0	0	0
PIG_PHAGE_CU_25_19	0	0	0	0	0	0	0	0	0	0	0	0	0	0	0	0	0	0	0	0	0	0	0	0
PIG_PHAGE_CU_27_28	0	0	0	0	0	0	0	0	0	0	0	0	0	0	0	0	0	0	0	0	0	0	0	0
PIG_PHAGE_CU_31_108	0	0	0	0	0	0	0	0	0	0	0	0	0	0	0	0	0	0	0	0	0	0	0	0
PIG_PHAGE_CU_31_47	0	0	0	0	0	0	0	0	0	0	0	0	0	0	0	0	0	0	0	0	0	0	0	0
PIG_PHAGE_CU_37_17	0	0	0	0	0	0	0	0	0	0	0	0	0	0	0	0	0	0	0	0	0	0	0	0
PPR-W_PHAGE_36_0	0	0	0	0	0	0	0	0	0	0	0	0	0	0	0	0	0	0	0	0	0	0	0	0
QC4_PHAGE_CIR_51_52	0	0	0	0	0	0	0	0	0	0	0	0	0	0	0	0	0	0	0	0	0	0	0	0
QH-7_PHAGE_41_19	0	0	0	0	0	0	0	0	0	0	0	0	0	0	0	0	0	0	0	0	0	0	0	0
QS-7_PHAGE_COMPLETE_CIR-CU-CL_40_25	0	0	0	0	0	0	0	0	0	0	0	0	0	0	0	0	0	0	0	0	0	0	0	0
R2_PHAGE_47_28	0	0	0	0	0	0	0	0	0	0	0	0	0	0	0	0	0	0	0	0	0	0	0	0
R2_PHAGE_49_14	0	0	0	0	0	0	0	0	0	0	0	0	0	0	0	0	0	0	0	0	0	0	0	0
R2_PHAGE_CIR_43_124	0	0	0	0	0	0	0	0	0	0	0	0	0	0	0	0	0	0	0	0	0	0	0	0
R2_PHAGE_CIR_46_26	0	0	0	0	0	0	0	0	0	0	0	0	0	0	0	0	0	0	0	0	0	0	0	0
R2_PHAGE_CIR_46_32	0	0	0	0	0	0	0	0	0	0	0	0	0	0	0	0	0	0	0	0	0	0	0	0
R2_PHAGE_CIR_48_27	0	0	0	0	0	0	0	0	0	0	0	0	0	0	0	0	0	0	0	0	0	0	0	0
R2_PHAGE_CIR_49_23	0	0	0	0	0	0	0	0	0	0	0	0	0	0	0	0	0	0	0	0	0	0	0	0
R2_PHAGE_CIR_50_795	0	0	0	0	0	0	0	0	0	0	0	0	0	0	0	0	0	0	0	0	0	0	0	0
R3_PHAGE_CIR_58_19	0	0	0	0	0	0	0	0	0	0	0	0	0	0	0	0	0	0	0	0	0	0	0	0
RIF_PHAGE_34_14	0	0	0	0	0	0	0	0	0	0	0	0	0	0	0	0	0	0	0	0	0	0	0	0
RIF_PHAGE_35_13	0	0	0	0	0	0	0	0	0	0	0	0	0	0	0	0	0	0	0	0	0	0	0	0
RIF_PHAGE_CIR_29_14	0	0	0	0	0	0	0	0	0	0	0	0	0	0	0	0	0	0	0	0	0	0	0	0
RIF_PHAGE_CIR_34_90	0	0	0	0	0	0	0	0	0	0	0	0	0	0	0	0	0	0	0	0	0	0	0	0
RIF_PHAGE_CIR_47_33	0	0	0	0	0	0	0	0	0	0	0	0	0	0	0	0	0	0	0	0	0	0	0	0
RIF_PHAGE_CU_29_17	0	0	0	0	0	0	0	0	0	0	0	0	0	0	0	0	0	0	0	0	0	0	0	0
RIF_PHAGE_CU_33_10	0	0	0	0	0	0	0	0	0	0	0	0	0	0	0	0	0	0	0	0	0	0	0	0
RIF_UNKNOWN_CIR_35_23	0	0	0	0	0	0	0	0	0	0	0	0	0	0	0	0	0	0	0	0	0	0	0	0
RIVER-W_PHAGE_42_0	0	0	0	0	0	0	0	0	0	0	0	0	0	0	0	0	0	0	0	0	0	0	0	0
RTP_PHAGE_33_21	0	0	0	0	0	0	0	0	0	0	0	0	0	0	0	0	0	0	0	0	0	0	0	0
S27_PHAGE_CIR_29_425	0	0	0	0	0	0	0	0	0	0	0	0	0	0	0	0	0	0	0	0	0	0	0	0
S9_PHAGE_34_1	0	0	0	0	0	0	0	0	0	0	0	0	0	0	0	0	0	0	0	0	0	0	0	0
S9_PLASMID_CIR_39_1	0	0	0	0	0	0	0	0	0	0	0	0	0	0	0	0	0	0	0	0	0	0	0	0
SALIVA_PHAGE_33_36	0	0	0	0	0	0	0	0	0	0	0	0	0	0	0	0	0	0	0	0	0	0	0	0
SALIVA_PHAGE_45_12	0	0	0	0	0	0	0	0	0	0	0	0	0	0	0	0	0	0	0	0	0	0	0	0
SALIVA_PHAGE_50_19	0	0	0	0	0	0	0	0	0	0	0	0	0	0	0	0	0	0	0	0	0	0	0	0
SALIVA_PHAGE_50_20	0	0	0	0	0	0	0	0	0	0	0	0	0	0	0	0	0	0	0	0	0	0	0	0
SALIVA_PHAGE_53_32	0	0	0	0	0	0	0	0	0	0	0	0	0	0	0	0	0	0	0	0	0	0	0	0
SALIVA_PHAGE_CIR_29_15	0	0	0	0	0	0	0	0	0	0	0	0	0	0	0	0	0	0	0	0	0	0	0	0
SALIVA_PHAGE_CIR_32_22	0	0	0	0	0	0	0	0	0	0	0	0	0	0	0	0	0	0	0	0	0	0	0	0
SALIVA_PHAGE_CIR_33_32	0	0	0	0	0	0	0	0	0	0	0	0	0	0	0	0	0	0	0	0	0	0	0	0
SALIVA_PHAGE_CIR_34_48	0	0	0	0	0	0	0	0	0	0	0	0	0	0	0	0	0	0	0	0	0	0	0	0
SALIVA_PHAGE_CIR_35_33	0	0	0	0	0	0	0	0	0	0	0	0	0	0	0	0	0	0	0	0	0	0	0	0
SALIVA_PHAGE_CIR_35_35	0	0	0	0	0	0	0	0	0	0	0	0	0	0	0	0	0	0	0	0	0	0	0	0
SALIVA_PHAGE_CIR-CU-GA_30_14	0	0	0	0	0	0	0	0	0	0	0	0	0	0	0	0	0	0	0	0	0	0	0	0
SALIVA_PHAGE_CIR-CU-GA_36_42	0	0	0	0	0	0	0	0	0	0	0	0	0	0	0	0	0	0	0	0	0	0	0	0
SALIVA_PHAGE_COMPLETE_CIR-CU-CL-ST_27_31	0	0	0	0	0	0	0	0	0	0	0	0	0	0	0	0	0	0	0	0	0	0	0	0
SCN_PHAGE_32_18	0	0	0	0	0	0	0	0	0	0	0	0	0	0	0	0	0	0	0	0	0	0	0	0
SCN_PHAGE_41_19	0	0	0	0	0	0	0	0	0	0	0	0	0	0	0	0	0	0	0	0	0	0	0	0
SCN_PHAGE_53_15	0	0	0	0	0	0	0	0	0	0	0	0	0	0	0	0	0	0	0	0	0	0	0	0
SHALE-W_PHAGE_25_0	0	0	0	0	0	0	0	0	0	0	0	0	0	0	0	0	0	0	0	0	0	0	0	0
SHALE-W_PHAGE_CIR_53_0	0	0	0	0	0	0	0	0	0	0	0	0	0	0	0	0	0	0	0	0	0	0	0	0
SP_PHAGE_33_24	0	0	0	0	0	0	0	0	0	0	0	0	0	0	0	0	0	0	0	0	0	0	0	0
SP_PHAGE_44_14_B	0	0	0	0	0	0	0	0	0	0	0	0	0	0	0	0	0	0	0	0	0	0	0	0
SP_PHAGE_46_14	0	0	0	0	0	0	0	0	0	0	0	0	0	0	0	0	0	0	0	0	0	0	0	0
SP_PHAGE_CIR_37_21	0	0	0	0	0	0	0	0	0	0	0	0	0	0	0	0	0	0	0	0	0	0	0	0
SP_PHAGE_CIR_38_20	0	0	0	0	0	0	0	0	0	0	0	0	0	0	0	0	0	0	0	0	0	0	0	0
SP_PHAGE_CIR_40_14	0	0	0	0	0	0	0	0	0	0	0	0	0	0	0	0	0	0	0	0	0	0	0	0
SP_PHAGE_CIR_41_28	0	0	0	0	0	0	0	0	0	0	0	0	0	0	0	0	0	0	0	0	0	0	0	0
SP_PHAGE_CIR_52_25	0	0	0	0	0	0	0	0	0	0	0	0	0	0	0	0	0	0	0	0	0	0	0	0
SR-VP_PHAGE_30_18	0	0	0	0	0	0	0	0	0	0	0	0	0	0	0	0	0	0	0	0	0	0	0	0
SR-VP_PHAGE_38_16	0	0	0	0	0	0	0	0	0	0	0	0	0	0	0	0	0	0	0	0	0	0	0	0
SR-VP_PHAGE_38_25	0	0	0	0	0	0	0	0	0	0	0	0	0	0	0	0	0	0	0	0	0	0	0	0
SR-VP_PHAGE_40_16	0	0	0	0	0	0	0	0	0	0	0	0	0	0	0	0	0	0	0	0	0	0	0	0
SR-VP_PHAGE_43_18	0	0	0	0	0	0	0	0	0	0	0	0	0	0	0	0	0	0	0	0	0	0	0	0
SR-VP_PHAGE_48_20	0	0	0	0	0	0	0	0	0	0	0	0	0	0	0	0	0	0	0	0	0	0	0	0
SR-VP_PHAGE_48_23_A	0	0	0	0	0	0	0	0	0	0	0	0	0	0	0	0	0	0	0	0	0	0	0	0
SR-VP_PHAGE_49_13	0	0	0	0	0	0	0	0	0	0	0	0	0	0	0	0	0	0	0	0	0	0	0	0
SR-VP_PHAGE_50_14	0	0	0	0	0	0	0	0	0	0	0	0	0	0	0	0	0	0	0	0	0	0	0	0
SR-VP_PHAGE_54_15	0	0	0	0	0	0	0	0	0	0	0	0	0	0	0	0	0	0	0	0	0	0	0	0
SR-VP_PHAGE_57_11	0	0	0	0	0	0	0	0	0	0	0	0	0	0	0	0	0	0	0	0	0	0	0	0
SR-VP_PHAGE_62_16	0	0	0	0	0	0	0	0	0	0	0	0	0	0	0	0	0	0	0	0	0	0	0	0
SR-VP_PHAGE_64_16	0	0	0	0	0	0	0	0	0	0	0	0	0	0	0	0	0	0	0	0	0	0	0	0
SR-VP_PHAGE_CIR_35_26	0	0	0	0	0	0	0	0	0	0	0	0	0	0	0	0	0	0	0	0	0	0	0	0
SR-VP_PHAGE_CIR_38_25	0	0	0	0	0	0	0	0	0	0	0	0	0	0	0	0	0	0	0	0	0	0	0	0
SR-VP_PHAGE_CIR_39_14	0	0	0	0	0	0	0	0	0	0	0	0	0	0	0	0	0	0	0	0	0	0	0	0
SR-VP_PHAGE_CIR_49_18	0	0	0	0	0	0	0	0	0	0	0	0	0	0	0	0	0	0	0	0	0	0	0	0
SR-VP_PHAGE_CIR_63_139	0	0	0	0	0	0	0	0	0	0	0	0	0	0	0	0	0	0	0	0	0	0	0	0
SR-VP_PHAGE_COMPLETE_CIR-CU-CL_42_23	0	0	0	0	0	0	0	0	0	0	0	0	0	0	0	0	0	0	0	0	0	0	0	0
STL6-S73_PHAGE_47_16	0	0	0	0	0	0	0	0	0	0	0	0	0	0	0	0	0	0	0	0	0	0	0	0
STOOL_PHAGE_27_12	0	0	0	0	0	0	0	0	0	0	0	0	0	0	0	0	0	0	0	0	0	0	0	0
STOOL_UNKNOWN_CIR_37_17	0	0	0	0	0	0	0	0	0	0	0	0	0	0	0	0	0	0	0	0	0	0	0	0
SW-7_PHAGE_46_16	0	0	0	0	0	0	0	0	0	0	0	0	0	0	0	0	0	0	0	0	0	0	0	0
ZODLETONE_PHAGE_CIR_29_75	0	0	0	0	0	0	0	0	0	0	0	0	0	0	0	0	0	0	0	0	0	0	0	0
B19_NODE_2_length_229167_cov_106.839031	0	0	0	0	0	0	0	0	0	0	0	0	0	0	0	0	0	0	0	0	0	0	0	0
C25_NODE_1_length_209979_cov_17.505578	0	0	0	0	0	0	0	0	0	0	0	0	0	0	0	0	0	0	0	0	0	0	0	0
G13_NODE_18_length_256721_cov_102.163232	0	0	0	0	0	0	0	0	0	0	0	0	0	0	0	0	0	0	0	0	0	0	0	0
G21_NODE_11_length_215940_cov_29.826996	0	0	0	0	0	0	0	0	0	0	0	0	0	0	0	0	0	0	0	0	0	0	0	0
G22_NODE_1_length_248154_cov_64.218977	0	0	0	0	0	0	0	0	0	0	0	0	0	0	0	0	0	0	0	0	0	0	0	0
h10_NODE_1_length_213721_cov_16.394424	0	0	0	0	0	0	0	0	0	0	0	0	0	0	0	0	0	0	0	0	0	0	0	0
J7_NODE_4_length_237110_cov_12.399802	0	0	0	0	0	0	0	0	0	0	0	0	0	0	0	0	0	0	0	0	0	0	0	0
J7_NODE_3_length_244401_cov_82.838618	0	0	0	0	0	0	0	0	0	0	0	0	0	0	0	0	0	0	0	0	0	0	0	0
J7_NODE_2_length_303443_cov_18.302408	0	0	0	0	0	0	0	0	0	0	0	0	0	0	0	0	0	0	0	0	0	0	0	0
R17_NODE_15_length_236085_cov_25.869678	0	0	0	0	0	0	0	0	0	0	0	0	0	0	0	0	0	0	0	0	0	0	0	0
R17_NODE_17_length_227143_cov_44.801707	0	0	0	0	0	0	0	0	0	0	0	0	0	0	0	0	0	0	0	0	0	0	0	0
R17_NODE_14_length_236566_cov_18.332031	0	0	0	0	0	0	0	0	0	0	0	0	0	0	0	0	0	0	0	0	0	0	0	0
R17_NODE_6_length_373888_cov_26.590938	0	0	0	0	0	0	0	0	0	0	0	0	0	0	0	0	0	0	0	0	0	0	0	0
S18_NODE_1_length_209288_cov_15.607509	0	0	0	0	0	0	0	0	0	0	0	0	0	0	0	0	0	0	0	0	0	0	0	0
S18_NODE_2_length_208827_cov_84.714224	0	0	0	0	0	0	0	0	0	0	0	0	0	0	0	0	0	0	0	0	0	0	0	0
S18_NODE_3_length_207405_cov_36.644992	0	0	0	0	0	0	0	0	0	0	0	0	0	0	0	0	0	0	0	0	0	0	0	0
SK1_NODE_1_length_224788_cov_14.493706	0	0	0	0	0	0	0	0	0	0	0	0	0	0	0	0	0	0	0	0	0	0	0	0
SK1_NODE_2_length_200315_cov_17.257785	0	0	0	0	0	0	0	0	0	0	0	0	0	0	0	0	0	0	0	0	0	0	0	0
T1_NODE_2_length_204799_cov_42.777478	0	0	0	0	0	0	0	0	0	0	0	0	0	0	0	0	0	0	0	0	0	0	0	0
T1_NODE_1_length_229165_cov_11.321064	0	0	0	0	0	0	0	0	0	0	0	0	0	0	0	0	0	0	0	0	0	0	0	0
T2_NODE_2_length_217999_cov_16.188860	0	0	0	0	0	0	0	0	0	0	0	0	0	0	0	0	0	0	0	0	0	0	0	0
T5_NODE_1_length_200051_cov_18.230265	0	0	0	0	0	0	0	0	0	0	0	0	0	0	0	0	0	0	0	0	0	0	0	0
CG11_NODE_3_length_223343_cov_9.125345	0	0	0	0	0	0	0	0	0	0	0	0	0	0	0	0	0	0	0	0	0	0	0	0
CG11_NODE_2_length_227762_cov_11.639572	0	0	0	0	0	0	0	0	0	0	0	0	0	0	0	0	0	0	0	0	0	0	0	0
CG11_NODE_1_length_279349_cov_12.550667	0	0	0	0	0	0	0	0	0	0	0	0	0	0	0	0	0	0	0	0	0	0	0	0
CG13_NODE_10_length_255532_cov_70.266627	0	0	0	0	0	0	0	0	0	0	0	0	0	0	0	0	0	0	0	0	0	0	0	0
CJ7_NODE_1_length_336906_cov_15.494296_fragment_2	0	0	0	0	0	0	0	0	0	0	0	0	0	0	0	0	0	0	0	0	0	0	0	0
CR17_NODE_1_length_241390_cov_14.146638	0	0	0	0	0	0	0	0	0	0	0	0	0	0	0	0	0	0	0	0	0	0	0	0
lytic_2SS_k141_1912747	0	0	0	0	0	0	0	0	0	0	0	0	0	0	0	0	0	0	0	0	0	0	0	0
lytic_CM_k141_14537	0	0	0	0	0	0	0	0	0	0	0	0	0	0	0	0	0	0	0	0	0	0	0	0
lytic_1N_k141_1244471	0	0	0	0	0	0	0	0	0	0	0	0	0	0	0	0	0	0	0	0	0	0	0	0
lytic_1SS_k141_748703	0	0	0	0	0	0	0	0	0	0	0	0	0	0	0	0	0	0	0	0	0	0	0	0
lytic_CK_k141_1824604	0	0	0	0	0	0	0	0	0	0	0	0	0	0	0	0	0	0	0	0	0	0	0	0
lytic_2SS_k141_540472	0	0	0	0	0	0	0	0	0	0	0	0	0	0	0	0	0	0	0	0	0	0	0	0
lytic_1SS_k141_775830	0	0	0	0	0	0	0	0	0	0	0	0	0	0	0	0	0	0	0	0	0	0	0	0
lytic_1N_k141_1786164	0	0	0	0	0	0	0	0	0	0	0	0	0	0	0	0	0	0	0	0	0	0	0	0
lytic_4SS_k141_1430401	0	0	0	0	0	0	0	0	0	0	0	0	0	0	0	0	0	0	0	0	0	0	0	0
lytic_2SS_k141_1514329	0	0	0	0	0	0	0	0	0	0	0	0	0	0	0	0	0	0	0	0	0	0	0	0
SPRUCE_viral_seq_18	0	0	0	0	0	0	0	0	0	0	0	0	0	0	0	0	0	0	0	0	0	0	0	0
SPRUCE_viral_seq_53	0	0	0	0	0	0	0	0	0	0	0	0	0	0	0	0	0	0	0	0	0	0	0	0
SPRUCE_viral_seq_57	0	0	0	0	0	0	0	0	0	0	0	0	0	0	0	0	0	0	0	0	0	0	0	0
SPRUCE_viral_seq_61	0	0	0	0	0	0	0	0	0	0	0	0	0	0	0	0	0	0	0	0	0	0	0	0
SPRUCE_viral_seq_65	0	0	0	0	0	0	0	0	0	0	0	0	0	0	0	0	0	0	0	0	0	0	0	0
alaska_puertorico_0	0	0	0	0	0	0	0	0	0	0	0	0	0	0	0	0	0	0	0	0	0	0	0	0
bacterial_refsq_1508	0	0	0	0	0	0	0	0	0	0	0	0	0	0	0	0	0	0	0	0	0	0	0	0
bacterial_refsq_789	0	0	0	0	0	0	0	0	0	0	0	0	0	0	0	0	0	0	0	0	0	0	0	0
alaska_puertorico_1	0	0	0	0	0	0	0	0	0	0	0	0	0	0	0	0	0	0	0	0	0	0	0	0
alaska_puertorico_3	0	0	0	0	0	0	0	0	0	0	0	0	0	0	0	0	0	0	0	0	0	0	0	0
bacterial_refsq_1170	0	0	0	0	0	0	0	0	0	0	0	0	0	0	0	0	0	0	0	0	0	0	0	0
alaska_puertorico_4	0	0	0	0	0	0	0	0	0	0	0	0	0	0	0	0	0	0	0	0	0	0	0	0
EarthsVirome_0	0	0	0	0	0	0	0	0	0	0	0	0	0	0	0	0	0	0	0	0	0	0	0	0
EarthsVirome_1	0	0	0	0	0	0	0	0	0	0	0	0	0	0	0	0	0	0	0	0	0	0	0	0
gary_all20_0	0	0	0	0	0	0	0	0	0	0	0	0	0	0	0	0	0	0	0	0	0	0	0	0
EarthsVirome_2	0	0	0	0	0	0	0	0	0	0	0	0	0	0	0	0	0	0	0	0	0	0	0	0
gary_all20_1	0	0	0	0	0	0	0	0	0	0	0	0	0	0	0	0	0	0	0	0	0	0	0	0
EarthsVirome_3	0	0	0	0	0	0	0	0	0	0	0	0	0	0	0	0	0	0	0	0	0	0	0	0
EarthsVirome_5	0	0	0	0	0	0	0	0	0	0	0	0	0	0	0	0	0	0	0	0	0	0	0	0
EarthsVirome_6	0	0	0	0	0	0	0	0	0	0	0	0	0	0	0	0	0	0	0	0	0	0	0	0
GOV_3	0	0	0	0	0	0	0	0	0	0	0	0	0	0	0	0	0	0	0	0	0	0	0	0
EarthsVirome_7	0	0	0	0	0	0	0	0	0	0	0	0	0	0	0	0	0	0	0	0	0	0	0	0
gary_all20_2	0	0	0	0	0	0	0	0	0	0	0	0	0	0	0	0	0	0	0	0	0	0	0	0
GOV_4	0	0	0	0	0	0	0	0	0	0	0	0	0	0	0	0	0	0	0	0	0	0	0	0
gary_all20_3	0	0	0	0	0	0	0	0	0	0	0	0	0	0	0	0	0	0	0	0	0	0	0	0
gary_all20_4	0	0	0	0	0	0	0	0	0	0	0	0	0	0	0	0	0	0	0	0	0	0	0	0
gary_all20_5	0	0	0	0	0	0	0	0	0	0	0	0	0	0	0	0	0	0	0	0	0	0	0	0
EarthsVirome_8	0	0	0	0	0	0	0	0	0	0	0	0	0	0	0	0	0	0	0	0	0	0	0	0
gary_all20_7	0	0	0	0	0	0	0	0	0	0	0	0	0	0	0	0	0	0	0	0	0	0	0	0
gary_all20_8	0	0	0	0	0	0	0	0	0	0	0	0	0	0	0	0	0	0	0	0	0	0	0	0
EarthsVirome_9	0	0	0	0	0	0	0	0	0	0	0	0	0	0	0	0	0	0	0	0	0	0	0	0
gary_all20_9	0	0	0	0	0	0	0	0	0	0	0	0	0	0	0	0	0	0	0	0	0	0	0	0
EarthsVirome_10	0	0	0	0	0	0	0	0	0	0	0	0	0	0	0	0	0	0	0	0	0	0	0	0
gary_all20_11	0	0	0	0	0	0	0	0	0	0	0	0	0	0	0	0	0	0	0	0	0	0	0	0
GOV_5	0	0	0	0	0	0	0	0	0	0	0	0	0	0	0	0	0	0	0	0	0	0	0	0
gary_all20_13	0	0	0	0	0	0	0	0	0	0	0	0	0	0	0	0	0	0	0	0	0	0	0	0
EarthsVirome_11	0	0	0	0	0	0	0	0	0	0	0	0	0	0	0	0	0	0	0	0	0	0	0	0
GOV_7	0	0	0	0	0	0	0	0	0	0	0	0	0	0	0	0	0	0	0	0	0	0	0	0
EarthsVirome_12	0	0	0	0	0	0	0	0	0	0	0	0	0	0	0	0	0	0	0	0	0	0	0	0
EarthsVirome_13	0	0	0	0	0	0	0	0	0	0	0	0	0	0	0	0	0	0	0	0	0	0	0	0
GOV_8	0	0	0	0	0	0	0	0	0	0	0	0	0	0	0	0	0	0	0	0	0	0	0	0
EarthsVirome_14	0	0	0	0	0	0	0	0	0	0	0	0	0	0	0	0	0	0	0	0	0	0	0	0
EarthsVirome_15	0	0	0	0	0	0	0	0	0	0	0	0	0	0	0	0	0	0	0	0	0	0	0	0
EarthsVirome_16	0	0	0	0	0	0	0	0	0	0	0	0	0	0	0	0	0	0	0	0	0	0	0	0
EarthsVirome_17	0	0	0	0	0	0	0	0	0	0	0	0	0	0	0	0	0	0	0	0	0	0	0	0
EarthsVirome_18	0	0	0	0	0	0	0	0	0	0	0	0	0	0	0	0	0	0	0	0	0	0	0	0
EarthsVirome_19	0	0	0	0	0	0	0	0	0	0	0	0	0	0	0	0	0	0	0	0	0	0	0	0
gary_all20_15	0	0	0	0	0	0	0	0	0	0	0	0	0	0	0	0	0	0	0	0	0	0	0	0
GOV_10	0	0	0	0	0	0	0	0	0	0	0	0	0	0	0	0	0	0	0	0	0	0	0	0
gary_all20_16	0	0	0	0	0	0	0	0	0	0	0	0	0	0	0	0	0	0	0	0	0	0	0	0
gary_all20_17	0	0	0	0	0	0	0	0	0	0	0	0	0	0	0	0	0	0	0	0	0	0	0	0
GOV_16	0	0	0	0	0	0	0	0	0	0	0	0	0	0	0	0	0	0	0	0	0	0	0	0
EarthsVirome_20	0	0	0	0	0	0	0	0	0	0	0	0	0	0	0	0	0	0	0	0	0	0	0	0
GOV_17	0	0	0	0	0	0	0	0	0	0	0	0	0	0	0	0	0	0	0	0	0	0	0	0
EarthsVirome_21	0	0	0	0	0	0	0	0	0	0	0	0	0	0	0	0	0	0	0	0	0	0	0	0
GOV_18	0	0	0	0	0	0	0	0	0	0	0	0	0	0	0	0	0	0	0	0	0	0	0	0
EarthsVirome_22	0	0	0	0	0	0	0	0	0	0	0	0	0	0	0	0	0	0	0	0	0	0	0	0
GOV_19	0	0	0	0	0	0	0	0	0	0	0	0	0	0	0	0	0	0	0	0	0	0	0	0
GOV_20	0	0	0	0	0	0	0	0	0	0	0	0	0	0	0	0	0	0	0	0	0	0	0	0
EarthsVirome_23	0	0	0	0	0	0	0	0	0	0	0	0	0	0	0	0	0	0	0	0	0	0	0	0
gary_all20_18	0	0	0	0	0	0	0	0	0	0	0	0	0	0	0	0	0	0	0	0	0	0	0	0
EarthsVirome_24	0	0	0	0	0	0	0	0	0	0	0	0	0	0	0	0	0	0	0	0	0	0	0	0
EarthsVirome_26	0	0	0	0	0	0	0	0	0	0	0	0	0	0	0	0	0	0	0	0	0	0	0	0
EarthsVirome_27	0	0	0	0	0	0	0	0	0	0	0	0	0	0	0	0	0	0	0	0	0	0	0	0
EarthsVirome_28	0	0	0	0	0	0	0	0	0	0	0	0	0	0	0	0	0	0	0	0	0	0	0	0
gary_all20_21	0	0	0	0	0	0	0	0	0	0	0	0	0	0	0	0	0	0	0	0	0	0	0	0
EarthsVirome_29	0	0	0	0	0	0	0	0	0	0	0	0	0	0	0	0	0	0	0	0	0	0	0	0
gary_all20_22	0	0	0	0	0	0	0	0	0	0	0	0	0	0	0	0	0	0	0	0	0	0	0	0
GOV_21	0	0	0	0	0	0	0	0	0	0	0	0	0	0	0	0	0	0	0	0	0	0	0	0
gary_all20_23	0	0	0	0	0	0	0	0	0	0	0	0	0	0	0	0	0	0	0	0	0	0	0	0
gary_all20_24	0	0	0	0	0	0	0	0	0	0	0	0	0	0	0	0	0	0	0	0	0	0	0	0
gary_all20_25	0	0	0	0	0	0	0	0	0	0	0	0	0	0	0	0	0	0	0	0	0	0	0	0
EarthsVirome_30	0	0	0	0	0	0	0	0	0	0	0	0	0	0	0	0	0	0	0	0	0	0	0	0
EarthsVirome_31	0	0	0	0	0	0	0	0	0	0	0	0	0	0	0	0	0	0	0	0	0	0	0	0
EarthsVirome_32	0	0	0	0	0	0	0	0	0	0	0	0	0	0	0	0	0	0	0	0	0	0	0	0
EarthsVirome_33	0	0	0	0	0	0	0	0	0	0	0	0	0	0	0	0	0	0	0	0	0	0	0	0
EarthsVirome_34	0	0	0	0	0	0	0	0	0	0	0	0	0	0	0	0	0	0	0	0	0	0	0	0
EarthsVirome_35	0	0	0	0	0	0	0	0	0	0	0	0	0	0	0	0	0	0	0	0	0	0	0	0
EarthsVirome_36	0	0	0	0	0	0	0	0	0	0	0	0	0	0	0	0	0	0	0	0	0	0	0	0
EarthsVirome_37	0	0	0	0	0	0	0	0	0	0	0	0	0	0	0	0	0	0	0	0	0	0	0	0
gary_all20_26	0	0	0	0	0	0	0	0	0	0	0	0	0	0	0	0	0	0	0	0	0	0	0	0
EarthsVirome_39	0	0	0	0	0	0	0	0	0	0	0	0	0	0	0	0	0	0	0	0	0	0	0	0
EarthsVirome_40	0	0	0	0	0	0	0	0	0	0	0	0	0	0	0	0	0	0	0	0	0	0	0	0
EarthsVirome_41	0	0	0	0	0	0	0	0	0	0	0	0	0	0	0	0	0	0	0	0	0	0	0	0
GOV_23	0	0	0	0	0	0	0	0	0	0	0	0	0	0	0	0	0	0	0	0	0	0	0	0
EarthsVirome_43	0	0	0	0	0	0	0	0	0	0	0	0	0	0	0	0	0	0	0	0	0	0	0	0
gary_all20_27	0	0	0	0	0	0	0	0	0	0	0	0	0	0	0	0	0	0	0	0	0	0	0	0
EarthsVirome_44	0	0	0	0	0	0	0	0	0	0	0	0	0	0	0	0	0	0	0	0	0	0	0	0
EarthsVirome_45	0	0	0	0	0	0	0	0	0	0	0	0	0	0	0	0	0	0	0	0	0	0	0	0
EarthsVirome_46	0	0	0	0	0	0	0	0	0	0	0	0	0	0	0	0	0	0	0	0	0	0	0	0
EarthsVirome_47	0	0	0	0	0	0	0	0	0	0	0	0	0	0	0	0	0	0	0	0	0	0	0	0
EarthsVirome_48	0	0	0	0	0	0	0	0	0	0	0	0	0	0	0	0	0	0	0	0	0	0	0	0
EarthsVirome_49	0	0	0	0	0	0	0	0	0	0	0	0	0	0	0	0	0	0	0	0	0	0	0	0
gary_all20_29	0	0	0	0	0	0	0	0	0	0	0	0	0	0	0	0	0	0	0	0	0	0	0	0
EarthsVirome_50	0	0	0	0	0	0	0	0	0	0	0	0	0	0	0	0	0	0	0	0	0	0	0	0
EarthsVirome_51	0	0	0	0	0	0	0	0	0	0	0	0	0	0	0	0	0	0	0	0	0	0	0	0
gary_all20_30	0	0	0	0	0	0	0	0	0	0	0	0	0	0	0	0	0	0	0	0	0	0	0	0
GOV_24	0	0	0	0	0	0	0	0	0	0	0	0	0	0	0	0	0	0	0	0	0	0	0	0
gary_all20_31	0	0	0	0	0	0	0	0	0	0	0	0	0	0	0	0	0	0	0	0	0	0	0	0
EarthsVirome_52	0	0	0	0	0	0	0	0	0	0	0	0	0	0	0	0	0	0	0	0	0	0	0	0
EarthsVirome_53	0	0	0	0	0	0	0	0	0	0	0	0	0	0	0	0	0	0	0	0	0	0	0	0
EarthsVirome_54	0	0	0	0	0	0	0	0	0	0	0	0	0	0	0	0	0	0	0	0	0	0	0	0
gary_all20_32	0	0	0	0	0	0	0	0	0	0	0	0	0	0	0	0	0	0	0	0	0	0	0	0
gary_all20_33	0	0	0	0	0	0	0	0	0	0	0	0	0	0	0	0	0	0	0	0	0	0	0	0
gary_all20_34	0	0	0	0	0	0	0	0	0	0	0	0	0	0	0	0	0	0	0	0	0	0	0	0
gary_all20_35	0	0	0	0	0	0	0	0	0	0	0	0	0	0	0	0	0	0	0	0	0	0	0	0
gary_all20_36	0	0	0	0	0	0	0	0	0	0	0	0	0	0	0	0	0	0	0	0	0	0	0	0
gary_all20_37	0	0	0	0	0	0	0	0	0	0	0	0	0	0	0	0	0	0	0	0	0	0	0	0
gary_all20_38	0	0	0	0	0	0	0	0	0	0	0	0	0	0	0	0	0	0	0	0	0	0	0	0
EarthsVirome_55	0	0	0	0	0	0	0	0	0	0	0	0	0	0	0	0	0	0	0	0	0	0	0	0
EarthsVirome_56	0	0	0	0	0	0	0	0	0	0	0	0	0	0	0	0	0	0	0	0	0	0	0	0
EarthsVirome_57	0	0	0	0	0	0	0	0	0	0	0	0	0	0	0	0	0	0	0	0	0	0	0	0
gary_all20_39	0	0	0	0	0	0	0	0	0	0	0	0	0	0	0	0	0	0	0	0	0	0	0	0
EarthsVirome_58	0	0	0	0	0	0	0	0	0	0	0	0	0	0	0	0	0	0	0	0	0	0	0	0
EarthsVirome_59	0	0	0	0	0	0	0	0	0	0	0	0	0	0	0	0	0	0	0	0	0	0	0	0
gary_all20_40	0	0	0	0	0	0	0	0	0	0	0	0	0	0	0	0	0	0	0	0	0	0	0	0
EarthsVirome_60	0	0	0	0	0	0	0	0	0	0	0	0	0	0	0	0	0	0	0	0	0	0	0	0
EarthsVirome_61	0	0	0	0	0	0	0	0	0	0	0	0	0	0	0	0	0	0	0	0	0	0	0	0
EarthsVirome_63	0	0	0	0	0	0	0	0	0	0	0	0	0	0	0	0	0	0	0	0	0	0	0	0
gary_all20_41	0	0	0	0	0	0	0	0	0	0	0	0	0	0	0	0	0	0	0	0	0	0	0	0
EarthsVirome_64	0	0	0	0	0	0	0	0	0	0	0	0	0	0	0	0	0	0	0	0	0	0	0	0
gary_all20_42	0	0	0	0	0	0	0	0	0	0	0	0	0	0	0	0	0	0	0	0	0	0	0	0
EarthsVirome_65	0	0	0	0	0	0	0	0	0	0	0	0	0	0	0	0	0	0	0	0	0	0	0	0
gary_all20_43	0	0	0	0	0	0	0	0	0	0	0	0	0	0	0	0	0	0	0	0	0	0	0	0
gary_all20_44	0	0	0	0	0	0	0	0	0	0	0	0	0	0	0	0	0	0	0	0	0	0	0	0
EarthsVirome_66	0	0	0	0	0	0	0	0	0	0	0	0	0	0	0	0	0	0	0	0	0	0	0	0
EarthsVirome_67	0	0	0	0	0	0	0	0	0	0	0	0	0	0	0	0	0	0	0	0	0	0	0	0
EarthsVirome_68	0	0	0	0	0	0	0	0	0	0	0	0	0	0	0	0	0	0	0	0	0	0	0	0
EarthsVirome_71	0	0	0	0	0	0	0	0	0	0	0	0	0	0	0	0	0	0	0	0	0	0	0	0
GOV_26	0	0	0	0	0	0	0	0	0	0	0	0	0	0	0	0	0	0	0	0	0	0	0	0
EarthsVirome_72	0	0	0	0	0	0	0	0	0	0	0	0	0	0	0	0	0	0	0	0	0	0	0	0
EarthsVirome_73	0	0	0	0	0	0	0	0	0	0	0	0	0	0	0	0	0	0	0	0	0	0	0	0
EarthsVirome_74	0	0	0	0	0	0	0	0	0	0	0	0	0	0	0	0	0	0	0	0	0	0	0	0
EarthsVirome_75	0	0	0	0	0	0	0	0	0	0	0	0	0	0	0	0	0	0	0	0	0	0	0	0
gary_all20_46	0	0	0	0	0	0	0	0	0	0	0	0	0	0	0	0	0	0	0	0	0	0	0	0
gary_all20_47	0	0	0	0	0	0	0	0	0	0	0	0	0	0	0	0	0	0	0	0	0	0	0	0
EarthsVirome_78	0	0	0	0	0	0	0	0	0	0	0	0	0	0	0	0	0	0	0	0	0	0	0	0
EarthsVirome_79	0	0	0	0	0	0	0	0	0	0	0	0	0	0	0	0	0	0	0	0	0	0	0	0
EarthsVirome_80	0	0	0	0	0	0	0	0	0	0	0	0	0	0	0	0	0	0	0	0	0	0	0	0
gary_all20_48	0	0	0	0	0	0	0	0	0	0	0	0	0	0	0	0	0	0	0	0	0	0	0	0
gary_all20_49	0	0	0	0	0	0	0	0	0	0	0	0	0	0	0	0	0	0	0	0	0	0	0	0
GOV_27	0	0	0	0	0	0	0	0	0	0	0	0	0	0	0	0	0	0	0	0	0	0	0	0
gary_all20_50	0	0	0	0	0	0	0	0	0	0	0	0	0	0	0	0	0	0	0	0	0	0	0	0
EarthsVirome_84	0	0	0	0	0	0	0	0	0	0	0	0	0	0	0	0	0	0	0	0	0	0	0	0
gary_all20_51	0	0	0	0	0	0	0	0	0	0	0	0	0	0	0	0	0	0	0	0	0	0	0	0
EarthsVirome_85	0	0	0	0	0	0	0	0	0	0	0	0	0	0	0	0	0	0	0	0	0	0	0	0
EarthsVirome_86	0	0	0	0	0	0	0	0	0	0	0	0	0	0	0	0	0	0	0	0	0	0	0	0
EarthsVirome_87	0	0	0	0	0	0	0	0	0	0	0	0	0	0	0	0	0	0	0	0	0	0	0	0
EarthsVirome_88	0	0	0	0	0	0	0	0	0	0	0	0	0	0	0	0	0	0	0	0	0	0	0	0
gary_all20_52	0	0	0	0	0	0	0	0	0	0	0	0	0	0	0	0	0	0	0	0	0	0	0	0
EarthsVirome_89	0	0	0	0	0	0	0	0	0	0	0	0	0	0	0	0	0	0	0	0	0	0	0	0
EarthsVirome_90	0	0	0	0	0	0	0	0	0	0	0	0	0	0	0	0	0	0	0	0	0	0	0	0
GOV_29	0	0	0	0	0	0	0	0	0	0	0	0	0	0	0	0	0	0	0	0	0	0	0	0
gary_all20_53	0	0	0	0	0	0	0	0	0	0	0	0	0	0	0	0	0	0	0	0	0	0	0	0
EarthsVirome_91	0	0	0	0	0	0	0	0	0	0	0	0	0	0	0	0	0	0	0	0	0	0	0	0
GOV_30	0	0	0	0	0	0	0	0	0	0	0	0	0	0	0	0	0	0	0	0	0	0	0	0
EarthsVirome_93	0	0	0	0	0	0	0	0	0	0	0	0	0	0	0	0	0	0	0	0	0	0	0	0
GOV_31	0	0	0	0	0	0	0	0	0	0	0	0	0	0	0	0	0	0	0	0	0	0	0	0
gary_all20_54	0	0	0	0	0	0	0	0	0	0	0	0	0	0	0	0	0	0	0	0	0	0	0	0
gary_all20_55	0	0	0	0	0	0	0	0	0	0	0	0	0	0	0	0	0	0	0	0	0	0	0	0
EarthsVirome_94	0	0	0	0	0	0	0	0	0	0	0	0	0	0	0	0	0	0	0	0	0	0	0	0
EarthsVirome_95	0	0	0	0	0	0	0	0	0	0	0	0	0	0	0	0	0	0	0	0	0	0	0	0
gary_all20_56	0	0	0	0	0	0	0	0	0	0	0	0	0	0	0	0	0	0	0	0	0	0	0	0
gary_all20_57	0	0	0	0	0	0	0	0	0	0	0	0	0	0	0	0	0	0	0	0	0	0	0	0
gary_all20_58	0	0	0	0	0	0	0	0	0	0	0	0	0	0	0	0	0	0	0	0	0	0	0	0
gary_all20_59	0	0	0	0	0	0	0	0	0	0	0	0	0	0	0	0	0	0	0	0	0	0	0	0
GOV_33	0	0	0	0	0	0	0	0	0	0	0	0	0	0	0	0	0	0	0	0	0	0	0	0
EarthsVirome_96	0	0	0	0	0	0	0	0	0	0	0	0	0	0	0	0	0	0	0	0	0	0	0	0
EarthsVirome_97	0	0	0	0	0	0	0	0	0	0	0	0	0	0	0	0	0	0	0	0	0	0	0	0
EarthsVirome_98	0	0	0	0	0	0	0	0	0	0	0	0	0	0	0	0	0	0	0	0	0	0	0	0
EarthsVirome_99	0	0	0	0	0	0	0	0	0	0	0	0	0	0	0	0	0	0	0	0	0	0	0	0
GOV_34	0	0	0	0	0	0	0	0	0	0	0	0	0	0	0	0	0	0	0	0	0	0	0	0
EarthsVirome_101	0	0	0	0	0	0	0	0	0	0	0	0	0	0	0	0	0	0	0	0	0	0	0	0
gary_all20_60	0	0	0	0	0	0	0	0	0	0	0	0	0	0	0	0	0	0	0	0	0	0	0	0
GOV_35	0	0	0	0	0	0	0	0	0	0	0	0	0	0	0	0	0	0	0	0	0	0	0	0
EarthsVirome_102	0	0	0	0	0	0	0	0	0	0	0	0	0	0	0	0	0	0	0	0	0	0	0	0
EarthsVirome_103	0	0	0	0	0	0	0	0	0	0	0	0	0	0	0	0	0	0	0	0	0	0	0	0
gary_all20_61	0	0	0	0	0	0	0	0	0	0	0	0	0	0	0	0	0	0	0	0	0	0	0	0
gary_all20_62	0	0	0	0	0	0	0	0	0	0	0	0	0	0	0	0	0	0	0	0	0	0	0	0
gary_all20_63	0	0	0	0	0	0	0	0	0	0	0	0	0	0	0	0	0	0	0	0	0	0	0	0
EarthsVirome_104	0	0	0	0	0	0	0	0	0	0	0	0	0	0	0	0	0	0	0	0	0	0	0	0
GOV_37	0	0	0	0	0	0	0	0	0	0	0	0	0	0	0	0	0	0	0	0	0	0	0	0
EarthsVirome_107	0	0	0	0	0	0	0	0	0	0	0	0	0	0	0	0	0	0	0	0	0	0	0	0
GOV_38	0	0	0	0	0	0	0	0	0	0	0	0	0	0	0	0	0	0	0	0	0	0	0	0
gary_all20_65	0	0	0	0	0	0	0	0	0	0	0	0	0	0	0	0	0	0	0	0	0	0	0	0
gary_all20_66	0	0	0	0	0	0	0	0	0	0	0	0	0	0	0	0	0	0	0	0	0	0	0	0
EarthsVirome_108	0	0	0	0	0	0	0	0	0	0	0	0	0	0	0	0	0	0	0	0	0	0	0	0
EarthsVirome_109	0	0	0	0	0	0	0	0	0	0	0	0	0	0	0	0	0	0	0	0	0	0	0	0
gary_all20_68	0	0	0	0	0	0	0	0	0	0	0	0	0	0	0	0	0	0	0	0	0	0	0	0
EarthsVirome_110	0	0	0	0	0	0	0	0	0	0	0	0	0	0	0	0	0	0	0	0	0	0	0	0
GOV_39	0	0	0	0	0	0	0	0	0	0	0	0	0	0	0	0	0	0	0	0	0	0	0	0
EarthsVirome_111	0	0	0	0	0	0	0	0	0	0	0	0	0	0	0	0	0	0	0	0	0	0	0	0
GOV_40	0	0	0	0	0	0	0	0	0	0	0	0	0	0	0	0	0	0	0	0	0	0	0	0
EarthsVirome_112	0	0	0	0	0	0	0	0	0	0	0	0	0	0	0	0	0	0	0	0	0	0	0	0
gary_all20_70	0	0	0	0	0	0	0	0	0	0	0	0	0	0	0	0	0	0	0	0	0	0	0	0
EarthsVirome_113	0	0	0	0	0	0	0	0	0	0	0	0	0	0	0	0	0	0	0	0	0	0	0	0
gary_all20_71	0	0	0	0	0	0	0	0	0	0	0	0	0	0	0	0	0	0	0	0	0	0	0	0
EarthsVirome_115	0	0	0	0	0	0	0	0	0	0	0	0	0	0	0	0	0	0	0	0	0	0	0	0
EarthsVirome_118	0	0	0	0	0	0	0	0	0	0	0	0	0	0	0	0	0	0	0	0	0	0	0	0
gary_all20_72	0	0	0	0	0	0	0	0	0	0	0	0	0	0	0	0	0	0	0	0	0	0	0	0
EarthsVirome_119	0	0	0	0	0	0	0	0	0	0	0	0	0	0	0	0	0	0	0	0	0	0	0	0
EarthsVirome_120	0	0	0	0	0	0	0	0	0	0	0	0	0	0	0	0	0	0	0	0	0	0	0	0
EarthsVirome_121	0	0	0	0	0	0	0	0	0	0	0	0	0	0	0	0	0	0	0	0	0	0	0	0
gary_all20_73	0	0	0	0	0	0	0	0	0	0	0	0	0	0	0	0	0	0	0	0	0	0	0	0
gary_all20_74	0	0	0	0	0	0	0	0	0	0	0	0	0	0	0	0	0	0	0	0	0	0	0	0
GOV_43	0	0	0	0	0	0	0	0	0	0	0	0	0	0	0	0	0	0	0	0	0	0	0	0
EarthsVirome_123	0	0	0	0	0	0	0	0	0	0	0	0	0	0	0	0	0	0	0	0	0	0	0	0
GOV_44	0	0	0	0	0	0	0	0	0	0	0	0	0	0	0	0	0	0	0	0	0	0	0	0
gary_all20_75	0	0	0	0	0	0	0	0	0	0	0	0	0	0	0	0	0	0	0	0	0	0	0	0
EarthsVirome_124	0	0	0	0	0	0	0	0	0	0	0	0	0	0	0	0	0	0	0	0	0	0	0	0
gary_all20_76	0	0	0	0	0	0	0	0	0	0	0	0	0	0	0	0	0	0	0	0	0	0	0	0
GOV_46	0	0	0	0	0	0	0	0	0	0	0	0	0	0	0	0	0	0	0	0	0	0	0	0
EarthsVirome_125	0	0	0	0	0	0	0	0	0	0	0	0	0	0	0	0	0	0	0	0	0	0	0	0
EarthsVirome_126	0	0	0	0	0	0	0	0	0	0	0	0	0	0	0	0	0	0	0	0	0	0	0	0
GOV_47	0	0	0	0	0	0	0	0	0	0	0	0	0	0	0	0	0	0	0	0	0	0	0	0
gary_all20_77	0	0	0	0	0	0	0	0	0	0	0	0	0	0	0	0	0	0	0	0	0	0	0	0
EarthsVirome_129	0	0	0	0	0	0	0	0	0	0	0	0	0	0	0	0	0	0	0	0	0	0	0	0
gary_all20_78	0	0	0	0	0	0	0	0	0	0	0	0	0	0	0	0	0	0	0	0	0	0	0	0
EarthsVirome_130	0	0	0	0	0	0	0	0	0	0	0	0	0	0	0	0	0	0	0	0	0	0	0	0
EarthsVirome_131	0	0	0	0	0	0	0	0	0	0	0	0	0	0	0	0	0	0	0	0	0	0	0	0
EarthsVirome_132	0	0	0	0	0	0	0	0	0	0	0	0	0	0	0	0	0	0	0	0	0	0	0	0
gary_all20_79	0	0	0	0	0	0	0	0	0	0	0	0	0	0	0	0	0	0	0	0	0	0	0	0
EarthsVirome_135	0	0	0	0	0	0	0	0	0	0	0	0	0	0	0	0	0	0	0	0	0	0	0	0
GOV_49	0	0	0	0	0	0	0	0	0	0	0	0	0	0	0	0	0	0	0	0	0	0	0	0
GOV_50	0	0	0	0	0	0	0	0	0	0	0	0	0	0	0	0	0	0	0	0	0	0	0	0
gary_all20_80	0	0	0	0	0	0	0	0	0	0	0	0	0	0	0	0	0	0	0	0	0	0	0	0
GOV_53	0	0	0	0	0	0	0	0	0	0	0	0	0	0	0	0	0	0	0	0	0	0	0	0
GOV_54	0	0	0	0	0	0	0	0	0	0	0	0	0	0	0	0	0	0	0	0	0	0	0	0
EarthsVirome_137	0	0	0	0	0	0	0	0	0	0	0	0	0	0	0	0	0	0	0	0	0	0	0	0
GOV_55	0	0	0	0	0	0	0	0	0	0	0	0	0	0	0	0	0	0	0	0	0	0	0	0
EarthsVirome_138	0	0	0	0	0	0	0	0	0	0	0	0	0	0	0	0	0	0	0	0	0	0	0	0
EarthsVirome_139	0	0	0	0	0	0	0	0	0	0	0	0	0	0	0	0	0	0	0	0	0	0	0	0
EarthsVirome_140	0	0	0	0	0	0	0	0	0	0	0	0	0	0	0	0	0	0	0	0	0	0	0	0
GOV_57	0	0	0	0	0	0	0	0	0	0	0	0	0	0	0	0	0	0	0	0	0	0	0	0
ALT_PHAGE_40_10_1	0	0	0	0	0	0	0	0	0	0	0	0	0	0	0	0	0	0	0	0	0	0	0	0
BML_PHAGE_48_21_1	0	0	0	0	0	0	0	0	0	0	0	0	0	0	0	0	0	0	0	0	0	0	0	0
CG_PHAGE_32_16_1	0	0	0	0	0	0	0	0	0	0	0	0	0	0	0	0	0	0	0	0	0	0	0	0
ERM_PHAGE_CIR_49_20_1	0	0	0	0	0	0	0	0	0	0	0	0	0	0	0	0	0	0	0	0	0	0	0	0
GWA1_PHAGE_CIR_42_18_1	0	0	0	0	0	0	0	0	0	0	0	0	0	0	0	0	0	0	0	0	0	0	0	0
LP_PHAGE_46_12_1	0	0	0	0	0	0	0	0	0	0	0	0	0	0	0	0	0	0	0	0	0	0	0	0
LS_PHAGE_46_8_1	0	0	0	0	0	0	0	0	0	0	0	0	0	0	0	0	0	0	0	0	0	0	0	0
M01_PROPHAGE_38_52_1	0	0	0	0	0	0	0	0	0	0	0	0	0	0	0	0	0	0	0	0	0	0	0	0
PIG_PHAGE_CU_41_30_1	0	0	0	0	0	0	0	0	0	0	0	0	0	0	0	0	0	0	0	0	0	0	0	0
RIF_PHAGE_CIR_29_13_1	0	0	0	0	0	0	0	0	0	0	0	0	0	0	0	0	0	0	0	0	0	0	0	0
RIF_PHAGE_CIR_29_13_2	0	0	0	0	0	0	0	0	0	0	0	0	0	0	0	0	0	0	0	0	0	0	0	0
S26_PHAGE_CU_47_66_1	0	0	0	0	0	0	0	0	0	0	0	0	0	0	0	0	0	0	0	0	0	0	0	0
S40_PLASMID_36_44_1	0	0	0	0	0	0	0	0	0	0	0	0	0	0	0	0	0	0	0	0	0	0	0	0
SPRUCE_viral_seq_34_1	0	0	0	0	0	0	0	0	0	0	0	0	0	0	0	0	0	0	0	0	0	0	0	0
gary_all20_6_1	0	0	0	0	0	0	0	0	0	0	0	0	0	0	0	0	0	0	0	0	0	0	0	0
GOV_6_1	0	0	0	0	0	0	0	0	0	0	0	0	0	0	0	0	0	0	0	0	0	0	0	0
GOV_9_1	0	0	0	0	0	0	0	0	0	0	0	0	0	0	0	0	0	0	0	0	0	0	0	0
GOV_22_1	0	0	0	0	0	0	0	0	0	0	0	0	0	0	0	0	0	0	0	0	0	0	0	0
EarthsVirome_42_1	0	0	0	0	0	0	0	0	0	0	0	0	0	0	0	0	0	0	0	0	0	0	0	0
EarthsVirome_76_1	0	0	0	0	0	0	0	0	0	0	0	0	0	0	0	0	0	0	0	0	0	0	0	0
GOV_36_1	0	0	0	0	0	0	0	0	0	0	0	0	0	0	0	0	0	0	0	0	0	0	0	0
gary_all20_69_1	0	0	0	0	0	0	0	0	0	0	0	0	0	0	0	0	0	0	0	0	0	0	0	0
GOV_42_1	0	0	0	0	0	0	0	0	0	0	0	0	0	0	0	0	0	0	0	0	0	0	0	0
EarthsVirome_122_1	0	0	0	0	0	0	0	0	0	0	0	0	0	0	0	0	0	0	0	0	0	0	0	0
GOV_45_1	0	0	0	0	0	0	0	0	0	0	0	0	0	0	0	0	0	0	0	0	0	0	0	0
GOV_45_2	0	0	0	0	0	0	0	0	0	0	0	0	0	0	0	0	0	0	0	0	0	0	0	0
EarthsVirome_134_1	0	0	0	0	0	0	0	0	0	0	0	0	0	0	0	0	0	0	0	0	0	0	0	0
GOV_48_1	0	0	0	0	0	0	0	0	0	0	0	0	0	0	0	0	0	0	0	0	0	0	0	0
GOV_52_1	0	0	0	0	0	0	0	0	0	0	0	0	0	0	0	0	0	0	0	0	0	0	0	0
